,T0,T1,T2,T3,T4,T5,T6,T7,T8,T9,T10,T11,T12,T13,T14,T15,T16,T17,T18,T19,T20,T21,T22,T23,T24,T25,T26,T27,T28,T29,T30,T31,T32,T33,T34,T35,T36,T37,T38,T39,T40,T41,T42,T43,T44,T45,T46,T47,T48,T49,T50,T51,T52,T53,T54,T55,T56,T57,T58,T59,T60,T61,T62,T63,T64,T65,T66,T67,T68,T69,T70,T71,T72,T73,T74,T75,T76,T77,T78,T79,T80,T81,T82,T83,T84,T85,T86,T87,T88,T89,T90,T91,T92,T93,T94,T95,T96,T97,T98,T99,T100,T101,T102,T103,T104,T105,T106,T107,T108,T109,T110,T111,T112,T113,T114,T115,T116,T117,T118,T119,T120,T121,T122,T123,T124,T125,T126,T127,T128,T129,T130,T131,T132,T133,T134,T135,T136,T137,T138,T139,T140,T141,T142,T143,T144,T145,T146,T147,T148,T149,T150,T151,T152,T153,T154,T155,T156,T157,T158,T159,T160,T161,T162,T163,T164,T165,T166,T167,T168,T169,T170,T171,T172,T173,T174,T175,T176,T177,T178,T179,T180,T181,T182,T183,T184,T185,T186,T187,T188,T189,T190,T191,T192,T193,T194,T195,T196,T197,T198,T199,docs
y1990,41.39312781393528,12.132422681897879,27.97193482518196,38.04517015814781,17.237697578966618,28.290754035115242,16.956243105232716,9.560259841382504,11.77696879953146,10.817585829645395,16.549546010792255,19.764864519238472,1.8776203086599708,7.455801274627447,2.334346021525562,11.661655772477388,4.777497695758939,3.334542643278837,6.31178118288517,3.090564412996173,5.364668006077409,14.399503134191036,3.6071422789245844,1.3113842136226594,10.11726289987564,9.457962289452553,3.519473969936371,9.057732615619898,9.869177788496017,2.756677195429802,8.37180320173502,12.590605616569519,4.8601380083709955,2.0936677884310484,3.951608520001173,19.43041540682316,19.521156884729862,5.207982519641519,4.726984910666943,6.777982469648123,2.904038932174444,10.96135899424553,6.602247767150402,2.2739969892427325,9.3790253251791,3.4340979158878326,7.207775004208088,2.453859820961952,9.501421060413122,0.4681622888892889,4.816021090373397,4.179301606491208,5.444361185654998,18.828851580619812,6.672687660902739,23.880022577941418,7.082176432013512,13.254456594586372,9.1530273668468,47.68078565597534,11.187583599239588,0.9915128583088517,12.15211696922779,10.612723398953676,7.688265927135944,3.9516099728643894,1.0695678438059986,6.99524799361825,12.170540727674961,2.900944515131414,5.582438036799431,3.659783508628607,10.160683896392584,3.923560995608568,2.2523162746801972,4.838099889457226,7.402880731970072,6.225348170846701,4.457930261269212,19.853494986891747,2.657676371745765,4.417255539447069,10.645502898842096,2.8201206447556615,3.427618872374296,2.1771631110459566,1.1173319024965167,2.6280492218211293,2.9317548405379057,2.02786089386791,4.881979990750551,1.9258557306602597,5.930133266374469,1.5458698896691203,13.709067665040493,13.694540485739708,9.298266470432281,1.8993838364258409,12.263733185827732,3.6488071270287037,7.225474510341883,2.0777115365490317,0.870062846224755,0.9261787799187005,5.82984684035182,9.043184369802475,4.842302296310663,0.6094244064297527,41.85551896691322,2.5884848507121205,5.671924967318773,23.83377067744732,3.020674427971244,6.9814603216946125,3.5463446751236916,4.427555250003934,10.424765758216381,12.033251691609621,6.572570130228996,15.217328555881977,4.279723512008786,1.6036457195878029,3.560481397435069,4.615566283464432,4.09806621260941,3.938385648652911,4.069977281615138,4.439930012449622,1.5406303200870752,2.2724495083093643,3.1008710246533155,6.726141404360533,12.004899065941572,7.368062138557434,2.5116594415158033,12.192779704928398,3.950355788692832,6.370570566505194,9.819293729960918,6.3072155602276325,0.7902710535563529,5.038161333650351,2.656985535286367,5.697238929569721,6.378256939351559,10.096973665058613,5.3890081867575645,7.0387873984873295,5.169251365587115,10.162273328751326,1.6088215447962284,12.907573878765106,5.145500684157014,4.5888568460941315,23.944776691496372,9.939170200377703,0.6011922564357519,20.618094764649868,7.667102068662643,6.756262164562941,8.775993380695581,6.126634106040001,14.93014108389616,2.2965403413400054,3.551948005333543,4.132858654484153,6.479390747845173,7.820097282528877,13.293341025710106,3.8174878153949976,7.385622896254063,7.309496495872736,3.038517222739756,7.847055159509182,4.675126047804952,3.1206187047064304,4.453192111104727,1.9251369265839458,1.5741409733891487,4.337548557668924,11.842855419963598,2.65202309936285,18.331748619675636,2.122031128965318,10.520212333649397,2.2160851350054145,1.6423278395086527,9.740638621151447,0.9458858706057072,2.6392874820157886,4.901523906737566,4.159737713634968,10.046589821577072,0.8292790688574314,2.2291774302721024,8.035255428403616,22.08541251718998,4.434744017198682,5.984643967822194,6.949626635760069,1560
y1991,56.38776683807373,16.54092836380005,41.09755718708038,40.56709349155426,19.59007179737091,38.170679569244385,23.76220589876175,14.431331634521484,17.415933430194855,14.759192258119583,27.485858917236328,26.08441650867462,4.686598107218742,10.302468538284302,2.9412589967250824,13.842819213867188,5.782320901751518,2.014792162925005,8.783890128135681,3.84849750995636,6.528230890631676,13.899774312973022,5.175817251205444,1.9332988299429417,14.181438088417053,13.794995695352554,5.399389520287514,12.286615937948227,15.906155169010162,4.231289729475975,11.291907012462616,16.35715690255165,6.769816517829895,2.454835385084152,5.239810109138489,28.458316683769226,21.921942114830017,7.810012221336365,6.601747244596481,8.103183656930923,3.2719080224633217,14.359742403030396,11.529616266489029,3.1060604229569435,11.365735620260239,6.907408341765404,12.294950902462006,3.7303187772631645,13.786403059959412,0.7639569696038961,4.778489738702774,5.83357872068882,7.158631548285484,31.032545149326324,9.648364126682281,29.415351569652557,10.1804780960083,21.28309142589569,11.44485828280449,62.34025526046753,11.953426837921143,1.1999512799084187,21.677127242088318,11.52159994840622,12.571331441402435,3.6409930363297462,1.205839354544878,8.69318801164627,15.990199148654938,4.6642726957798,6.488032266497612,3.370842084288597,13.316197961568832,7.097001492977142,3.997626006603241,6.946541368961334,12.307943612337112,6.8963053822517395,5.330803334712982,28.92363291978836,4.3486617654562,5.422932475805283,13.359195560216904,4.019263722002506,4.173589646816254,5.196830213069916,1.428257267922163,4.2274526953697205,8.109100252389908,3.860120728611946,6.928747326135635,2.4250712022185326,8.49549150466919,5.510546967387199,18.889002442359924,22.05854308605194,9.810597449541092,3.3161691427230835,18.464032351970673,5.6676726043224335,9.538942515850067,2.4932664558291435,1.149019729346037,1.8343332968652248,6.88951201736927,15.8424711227417,5.0186881721019745,1.4733381159603596,50.28342962265015,2.974783256649971,11.369539707899094,29.627745151519775,4.507206067442894,9.268098950386047,5.130158364772797,4.931351020932198,15.935194283723831,15.6289042532444,9.572444647550583,28.28203636407852,5.193555235862732,1.5499715991318226,3.643270030617714,8.346843928098679,6.575885742902756,4.582835912704468,6.854009985923767,6.788069352507591,1.645085345953703,2.736409418284893,4.627880617976189,9.84936609864235,13.114828169345856,6.558825865387917,3.545058086514473,15.11423322558403,6.781079292297363,6.226691544055939,14.49424758553505,8.626862347126007,1.1935844980180264,6.888368725776672,3.102634236216545,5.617760673165321,10.63322451710701,14.965961337089539,5.693110227584839,12.524013429880142,6.825859442353249,11.982852458953857,2.4789049923419952,17.806656897068024,7.687849178910255,6.483045548200607,30.521863102912903,15.919591426849365,0.6625927984714508,23.709741353988647,14.542813628911972,8.170889630913734,11.112192392349243,9.213846445083618,16.454675495624542,3.3077741861343384,4.789757430553436,6.750570371747017,8.463787168264389,8.433424293994904,11.157811939716339,3.31401090323925,10.228613376617432,9.278703778982162,4.351017192006111,16.26732024550438,4.8825440257787704,3.2431319877505302,4.917700365185738,3.0226180851459503,2.0703068375587463,5.958270773291588,16.536829233169556,4.312976807355881,21.245119392871857,2.168782353401184,15.21896955370903,3.9686451628804207,1.9367105104029179,10.182382106781006,1.175065141171217,4.860251069068909,4.503248065710068,9.01873254776001,13.589691013097763,1.0780248865485191,2.6139203533530235,11.80612662434578,27.948435187339783,6.939412146806717,6.709562346339226,8.37311652302742,2112
y1992,60.43220862746239,14.71071430016309,40.10932231321931,43.158662877976894,16.278053321875632,37.710726000368595,20.8417481277138,13.437570910900831,20.022469125688076,18.47154644317925,21.865264335647225,26.40449833124876,2.9741776594892144,13.335123900324106,3.6279263359028846,16.70898071024567,5.636982957366854,4.050834767986089,7.933314652182162,4.6285987622104585,6.57524858834222,13.978011631406844,5.264637931250036,1.9675442558946088,13.596843555569649,14.8673778725788,6.1406571813859046,15.354161839932203,13.229797007516026,3.891394888050854,12.504700259305537,17.946417601779103,5.821883017197251,3.7266474356874824,4.918817125726491,31.68494732119143,24.857965195551515,8.164533828385174,5.199821381829679,8.133840346708894,4.233337452169508,18.630471481010318,10.038816761225462,5.225879263598472,15.266140513122082,8.526828065514565,11.905794898048043,3.6456037603784353,12.993123233318329,0.7892122736666352,7.7271464094519615,7.732752074953169,7.285390158649534,23.16970749758184,7.6609096233733,30.28924119658768,8.645508517511189,22.64266681857407,12.563935900107026,68.76814395189285,16.14423580467701,1.8695699045201764,18.363331584259868,12.400748636573553,11.68463105801493,5.323300121817738,1.7472759581869468,10.761555037461221,17.7381182461977,3.245519910706207,7.475458849221468,4.339460607152432,13.849087893031538,5.869999281130731,4.116655739489943,6.477251248434186,10.750933829694986,8.175132805481553,5.50951229641214,29.425731245428324,5.007915124297142,4.7510316502302885,13.683712929487228,4.548892716411501,4.7683523735031486,3.6618440225720406,1.2375951587455347,3.6920102837029845,5.706750378012657,4.545709688682109,7.350886259227991,2.3659121757373214,9.154845499433577,4.291963770519942,15.877296994440258,17.68986758776009,9.989930507726967,2.897706428775564,19.06421205960214,4.847545598167926,9.172171275131404,2.1319358912296593,2.3697542923036963,1.744353761896491,9.624726073816419,12.87718826904893,5.443706482183188,1.3669214490801096,50.35184072330594,4.671575194224715,9.69076531007886,27.356617711484432,4.365572549868375,10.631164074875414,6.007977470289916,5.685359421186149,16.67987773194909,15.497158602811396,8.525692280381918,21.35098406113684,7.245327460113913,3.0282679107040167,7.754317845683545,6.723280092701316,7.304578763432801,4.650434837676585,7.978832453954965,7.182211051695049,1.840000208467245,2.813068963587284,4.9994886899366975,8.849319298751652,11.177132148295641,6.456190720200539,3.271019752137363,17.718381453305483,5.925096985884011,7.648424576036632,14.253842709586024,7.861796566285193,1.5218380192527547,7.31374436756596,3.502225539414212,9.098990941420197,11.147426920942962,15.175817301496863,7.0576970698311925,13.994157160632312,8.599019134417176,12.982221110723913,2.749393251724541,20.53943526931107,7.352052358910441,8.410768306348473,28.851159373298287,15.476468922570348,0.7349434192292392,24.190673241391778,8.853839198127389,9.874549289233983,12.765241689048707,10.266570984385908,19.990671183913946,4.083971097134054,6.585287251509726,4.931669484358281,8.882899736054242,8.152202374767512,6.632168197538704,3.7543220934458077,11.326817311346531,10.634881649166346,8.047348894178867,14.941732389852405,7.901665756944567,3.160241545410827,5.952706972602755,3.567166883731261,2.2674100985750556,7.839386535342783,16.604664302431047,3.7693240062799305,22.00741128064692,3.9068257517647,19.28642377257347,4.072525080991909,1.329328123247251,11.753177307546139,2.160511143738404,3.1085529644042253,6.015751131344587,8.621341758407652,17.298336988314986,1.0500371444504708,4.435817424673587,10.539353429339826,24.7925706487149,8.043028060346842,7.463796841911972,6.095976566430181,2170
y1993,76.9481659270823,14.122632516548038,44.86327997595072,57.470935609191656,26.023601045832038,37.66660381294787,24.790490698069334,19.29193544946611,23.3318583201617,20.40417384915054,30.64775730110705,31.57722562737763,3.832438201410696,18.93677901569754,4.137961334548891,15.901293694972992,9.215249193366617,3.5413917016703635,10.376742580905557,5.2650784882716835,5.835153742227703,24.755705665796995,5.7440189784392715,2.3257455839775503,15.799675921909511,16.44624178018421,5.414268439635634,17.393287278711796,19.11789299082011,4.480170645052567,12.964671403169632,19.205848533660173,8.887949122581631,2.944823230151087,5.832993614021689,34.49323379248381,26.5683273114264,8.693234469275922,5.888651175424457,11.422281796112657,5.873521567787975,25.377499731257558,14.651949867606163,7.491063312627375,15.927597320638597,9.68902860302478,14.222561673261225,3.6796428102534264,15.03143329359591,0.8714341883314773,6.800463937688619,6.954872456844896,8.675666007213295,28.602661728858948,9.394345306791365,35.371539598330855,14.356516333296895,22.480602893978357,10.858677635900676,70.85363595187664,17.536567653529346,1.7210375809809193,20.53681268915534,11.081196391023695,15.934744325466454,5.548793907742947,2.4014184462139383,11.057315360754728,17.275504546239972,5.009046969935298,9.098227731883526,6.955178475007415,16.10552220325917,7.256215567700565,10.186868472956121,9.152698384132236,11.219640865921974,9.894253557547927,6.281696374062449,31.189189951866865,5.106743413489312,6.831924579106271,17.456831050105393,5.440818273462355,5.094031175132841,3.4514905917458236,1.7226983247091994,4.191866985522211,5.555533856153488,8.703032276593149,7.5555826257914305,3.031834007240832,7.712942158803344,7.631408932618797,16.157878600992262,19.98013139143586,11.003353964537382,2.5114184748381376,24.667674634605646,7.110589247196913,8.835033530369401,2.269910334609449,2.373344909050502,1.8784165667602792,10.755439766682684,16.25572195649147,4.99246624391526,2.1091658748919144,51.02908953651786,4.977861570660025,13.750542303547263,32.6395255792886,4.830777163617313,12.499052284285426,6.903381852433085,7.867300158832222,16.409612509422004,14.852468994446099,15.129434593953192,26.003627989441156,9.165903038810939,3.8540011586155742,8.103677994571626,7.719787790905684,7.44243662012741,5.507521522697061,7.302912661805749,7.3484675590880215,2.097960064653307,3.3640347237233073,6.5343222063966095,13.071810278110206,14.654027539305389,11.205696425400674,3.6865424455609173,19.956358367577195,6.627403988968581,7.064987895544618,18.49913007300347,10.063845687545836,1.5752344435313717,9.035179280210286,4.692271717358381,6.101334379054606,10.559772798791528,17.52850549761206,12.414152277633548,13.926510295830667,7.6842472944408655,12.909924928098917,3.127971035661176,20.532524950802326,7.910764609463513,7.783737457357347,31.70434801094234,16.631405415013433,1.088016510475427,25.447840938344598,11.529360280372202,10.016902385279536,15.322198163717985,10.137038031592965,24.082967415452003,4.42964077508077,9.624516258016229,7.6532366797327995,8.044357506092638,9.439389206003398,9.769867336377501,5.799981977324933,11.693494021892548,11.730557641014457,7.869471900630742,17.13713788241148,7.007865279447287,3.1333266438450664,5.524378071539104,5.474912877660245,2.7761918345931917,5.827522450592369,17.255140111781657,4.420362966367975,27.09520116262138,2.976658700266853,17.888551253825426,6.470358022954315,2.1956730575766414,11.815052333287895,2.194774891366251,3.661413534777239,6.254143706522882,8.103247710969299,16.9816609127447,1.2052722036023624,5.096183754503727,10.742419768124819,22.354962404817343,12.587623347528279,7.780963550787419,6.522500149905682,2494
y1994,76.55331089347601,17.90479864832014,44.403905522078276,57.44720282778144,23.589115309529006,34.89650691114366,21.80175699200481,18.947844060137868,27.85224448889494,18.953889477066696,31.856030020862818,27.95546789560467,4.577908047591336,16.69198059849441,2.7342067940626293,13.271933213807642,6.660490712849423,3.2675453113624826,10.56373874982819,3.7132128719240427,4.351412801537663,18.72507868288085,5.292737698648125,2.7801440082257614,16.131109652575105,17.012505038641393,8.051752929575741,17.60991814918816,19.123723043128848,4.612743944628164,12.609406066127121,17.340914020314813,6.674462418304756,4.799573617056012,5.081970070721582,32.01700645312667,19.56616677623242,8.533876622095704,5.82934686774388,12.54426269326359,5.929186510853469,21.85788526944816,16.39054469205439,4.891579492017627,15.493681478314102,10.838779269251972,13.27837579138577,3.5820810315199196,15.148103196639568,1.0398857562686317,7.253096712753177,7.426637863740325,7.97773775504902,24.458540589548647,10.159850063733757,35.02445582486689,9.585802861955017,20.134456276893616,8.98971098754555,68.59572791308165,19.592404201626778,1.5387030304409564,24.538651954382658,12.576860330533236,12.078024298418313,6.088676411425695,2.583575719734654,11.26271892664954,16.05898888921365,3.5472462627803907,7.206452902406454,4.461908366414718,16.80693491222337,5.924641165183857,7.487935435259715,7.854100629454479,9.00672740326263,8.888662373879924,7.397657547611743,31.802550985477865,5.705200315918773,7.169914122670889,13.698893323075026,6.132653491105884,5.633056422462687,5.033436926547438,1.545513573975768,3.5382117042317986,6.482348365476355,4.322643759078346,7.341740825911984,3.1548078197520226,9.519257015548646,5.46132449619472,17.441949658561498,21.629757095128298,7.481156625086442,3.441592503688298,24.262318406254053,5.940453123534098,12.163489433936775,2.802316178451292,1.8744676642818376,2.7266897953813896,9.442274983273819,17.98802975518629,7.191732007544488,1.8994316651369445,43.814510092139244,6.77885869005695,12.113934616558254,27.438082655891776,4.458589197834954,12.833992515224963,11.125438994262367,6.290446432540193,17.647400185465813,15.098396059125662,14.839315304998308,27.548240577802062,7.455421856138855,3.6133343025576323,6.044875346124172,7.498561739223078,8.651118558598682,6.200876551447436,8.653214370831847,7.906459829770029,2.160008400445804,4.232862604316324,5.625305020017549,10.932879264000803,17.09716795478016,9.066112510859966,5.889601892558858,21.316582383587956,8.044030862860382,7.429641955299303,17.257675015367568,10.839609696064144,2.0569464812870137,10.127880888059735,4.26032338605728,6.237044121371582,8.487224349519238,17.408051094505936,12.186780875083059,8.163927118759602,9.950756264850497,11.097845355514437,3.752407945576124,19.007544526830316,6.341241812799126,6.247557595605031,26.346978548914194,13.565212659072131,0.6076366828929167,25.462844785302877,9.257963106269017,10.849765500053763,15.481882873456925,12.087819047272205,22.74201451987028,7.058116784784943,10.903109139762819,7.073317770147696,10.604110355488956,10.04195879213512,9.29706932650879,6.428295590914786,15.63640093198046,11.68516359012574,8.642153672408313,16.31748180044815,7.445734295528382,2.7835074624745175,4.7930362625047565,4.36274767620489,3.3138012695126235,7.093009378761053,16.843156640417874,5.5037417048588395,19.824163236655295,4.742807287489995,21.748894006945193,4.650786462589167,1.8793258303776383,11.46247719367966,2.081864362990018,7.212181267794222,3.785080614616163,8.602945341262966,19.50398405548185,1.736498765356373,5.154513945570216,10.242820533923805,26.076837096363306,8.957795970141888,6.89710311871022,6.866009501740336,2423
y1995,100.28638668358326,16.244867527857423,56.283547692000866,70.58580845594406,33.9419505558908,41.23783390969038,28.23420412838459,23.94280981272459,32.55930457264185,31.338416505604982,40.5262447707355,31.47509451955557,6.779290665872395,19.33726841583848,3.720350156072527,21.856285417452455,11.543605816550553,4.275655741803348,12.025032639503479,7.902071932330728,8.026730325073004,18.08213420212269,6.481604292057455,2.863861087244004,18.55615054257214,23.52117381989956,8.196280533447862,17.95186046510935,21.511947950348258,7.010413482785225,17.246952643617988,17.342832572758198,8.64088979549706,2.8550798166543245,5.984778515994549,42.84763624891639,27.19023948535323,11.420073164626956,7.579063773155212,12.225342784076929,8.05637436453253,22.210002886131406,19.455810822546482,7.973127202130854,17.62979452498257,11.39954966492951,20.174407539889216,5.472012010868639,15.706506064161658,1.1722320335684344,10.463652624748647,10.17624065745622,11.59213853534311,38.15834704786539,13.912452086806297,45.505602434277534,16.32243606261909,26.507563814520836,14.656009171158075,66.93519622087479,19.299190109595656,2.7721845800988376,30.978483203798532,13.271308587864041,19.62794861756265,5.056282465811819,3.1995392800308764,13.984365900978446,24.462847225368023,5.5586381535977125,9.726061052642763,7.181000835262239,19.010982178151608,8.677110383287072,9.68170433305204,11.440032036043704,8.723423965275288,10.627927812747657,8.044093875214458,36.10544299706817,6.469737254083157,8.776131980121136,18.792421109974384,7.114230552688241,7.577866311185062,5.17955917166546,1.6071358241606504,4.997319593094289,7.14002063497901,5.345215343404561,9.771580779924989,2.743148764129728,12.102193348109722,5.426709204912186,23.483788818120956,26.433927286416292,10.46701437793672,4.5766898058354855,34.36639351770282,8.828082703985274,11.085453210398555,3.9771059015765786,2.639612602069974,4.434552546590567,11.116711678914726,21.083131404593587,6.970393783412874,4.669877379201353,54.7440517693758,8.06023043114692,15.57144669815898,33.662367444485426,5.878475815989077,14.249618845060468,9.72907334100455,12.968452665954828,22.376909255981445,18.071811981499195,20.702598663046956,31.730115246027708,6.241062800399959,4.03041967889294,7.0865004835650325,9.975880589336157,12.006989847868681,7.464455482549965,11.869518682360649,10.306107271462679,2.4457142932806164,6.280266847461462,10.587986162863672,17.234085025265813,18.671275647357106,8.951227921061218,5.206154359038919,25.79553309828043,6.88448098488152,8.016998046077788,19.787691310048103,12.781441872939467,2.9979233886115253,14.155533351004124,4.779174437280744,6.795264794491231,12.86702630110085,19.928277423605323,13.17625556141138,13.047746727243066,11.393161560408771,13.830192144960165,4.833310195244849,20.981229711323977,9.845599820837379,9.569469168782234,36.62866989150643,17.81094809062779,0.9467327350284904,35.36689795553684,13.745842445641756,12.113850144669414,21.179864956066012,13.215939858928323,26.42015963792801,9.762936271727085,11.993161728605628,10.029763565398753,16.033994685858488,11.221158769913018,8.298438875935972,9.593644822016358,17.450088039040565,11.889579510316253,7.528743650764227,13.746331837028265,10.04123613703996,3.9335377630777657,5.431723005603999,6.272389474324882,3.814530926756561,7.469212985597551,19.879817832261324,8.214735370129347,24.82322772964835,5.053962778765708,24.946723114699125,9.951606495305896,2.2748801356647164,14.044289626181126,2.5274350959807634,6.330556031316519,6.974506499245763,12.863482432439923,24.92172196507454,1.74178367247805,7.276135426945984,14.361471496522427,31.905137356370687,15.293016750365496,10.678112930618227,8.709910153411329,3020
y1996,112.36558729410172,21.46329664066434,71.54322272539139,91.0110524892807,44.414749659597874,39.97627240419388,34.62863287329674,26.68602830916643,36.87325615435839,30.474692299962044,48.01781737059355,36.329380229115486,7.858104094862938,24.312503799796104,5.588024937547743,27.009676534682512,12.690711751580238,4.895231301896274,12.97741523757577,6.515879763290286,8.600853875279427,28.345367081463337,8.915602901950479,3.92762962449342,23.72740976139903,26.821874380111694,11.019560560584068,22.445059057325125,23.693113699555397,6.363716730847955,19.727639485150576,20.354124199599028,9.445361228659749,4.123653342947364,6.288469132967293,47.073165744543076,31.432012647390366,12.813268037512898,9.184631714597344,16.258016616106033,10.954774588346481,35.04306057840586,16.859955072402954,8.086765399202704,24.427572321146727,16.524930719286203,17.58200218901038,8.524471187964082,20.211652364581823,1.218853357480839,11.610569762066007,10.087144620716572,10.859941508620977,38.250171326100826,12.70643125474453,48.278022684156895,20.35602890327573,28.71220975369215,19.050505932420492,93.78739415109158,21.07074698060751,2.7619843473657966,27.353924863040447,19.896951362490654,22.303450036793947,6.433894479647279,3.6200240505859256,16.997840967029333,25.079311452805996,4.180821314454079,10.32859999872744,5.344546829350293,21.263403687626123,8.725198466330767,13.488092340528965,15.818018671125174,11.554589381441474,12.672709859907627,7.455339036881924,39.9646455720067,7.6416035909205675,11.331395553424954,20.757654394954443,9.315110428258777,9.234092961996794,6.046677582897246,2.430213049054146,6.815505117177963,5.713844859972596,7.984162105247378,11.7599245775491,3.1164293522015214,13.081155655905604,7.798932928591967,25.162872593849897,22.61162132397294,14.552243772894144,7.080050550401211,39.87199883162975,9.226960090920329,13.2496193703264,4.5272999368608,2.4271948263049126,5.33226678147912,14.438835762441158,25.610061202198267,8.561201851814985,3.231001348234713,61.4777917265892,8.397848278284073,17.997390385717154,38.26431497186422,5.736677291803062,17.281356923282146,13.679666459560394,11.108078815042973,26.689197931438684,19.574449215084314,23.9395270049572,38.4231900498271,8.759839653968811,5.758596035651863,9.494533514603972,9.914058336988091,15.459742281585932,8.203723972663283,14.33610874414444,10.83054151199758,2.69822642672807,5.249710086733103,9.494725612923503,16.149595022201538,17.509804151952267,12.92757549136877,5.854219486005604,31.4135028347373,8.341538237407804,8.078587383031845,25.152206253260374,16.399939831346273,2.9090820075944066,16.777847692370415,4.889170844107866,7.788159143179655,12.981162782758474,25.036818653345108,13.740056961774826,13.674256775528193,13.762195479124784,18.05992327257991,6.052469835616648,32.55683621764183,11.889929557219148,10.16776161082089,35.956566229462624,19.429823599755764,1.0400226421188563,36.50654371827841,13.447382962331176,15.866425819694996,25.1924882940948,9.988274220377207,33.604794412851334,6.272294210270047,16.097083806991577,12.2989646717906,16.841267812997103,13.296623224392533,13.807208348065615,10.30782407708466,20.858045302331448,15.960090029984713,10.20699036680162,20.286997232586145,12.293740574270487,4.667870324105024,7.611007049679756,7.920423720031977,4.353463167324662,9.898044988512993,22.14761760085821,9.075991975143552,28.957633264362812,7.465512922033668,30.943379640579224,10.951984278857708,2.673779677134007,18.134418349713087,3.515258022584021,6.430390313267708,7.36191413551569,12.435926703736186,26.8888645991683,2.2649157010018826,8.042065910995007,16.560932874679565,31.562401823699474,17.187249910086393,10.400199763476849,9.553129199892282,3496
y1997,130.0009299069643,21.183375804685056,83.17809892818332,109.56575307995081,51.07793481554836,43.00857233349234,41.06651157606393,32.456956654787064,42.59814347606152,33.76411119941622,49.680688697844744,46.28263102378696,5.997663092566654,24.68905935063958,6.705320110777393,25.820123087614775,13.458383231190965,5.667226957739331,15.155510577606037,7.831724068382755,10.058150680270046,33.941569877788424,8.36453038151376,5.055007576011121,23.984410520642996,27.621963943820447,10.775379035621881,23.860370200127363,31.134469932876527,7.6286488166078925,25.602605338208377,20.045111957006156,11.329749041469768,4.77384438039735,8.120928201824427,54.66998211108148,37.213896182365716,13.367345610167831,11.740895655239001,21.175720989704132,10.822494478197768,35.713131562806666,20.143820364028215,12.973370659165084,24.684998954180628,17.72787883412093,18.058516485616565,8.638448371784762,21.833178279921412,1.4761014924442861,13.937380366260186,12.674413870554417,12.52956049516797,46.127888769842684,16.649540124926716,55.94691197387874,21.74295893870294,33.42478907201439,22.19527507899329,100.67017413675785,22.964046606794,2.8462789658806287,35.715160821564496,20.178302731364965,22.4435379775241,8.217585742240772,5.156320668174885,17.860596114769578,29.599782871082425,6.471324498415925,11.668392870342359,9.09792798338458,24.156839267816395,7.669155545881949,19.594573297072202,19.36919029103592,12.162634811829776,18.22653911076486,9.772521236445755,42.53695005085319,9.396390609908849,10.45279077719897,23.069408352021128,8.89768335968256,9.734104361850768,6.361366388155147,2.4673677381360903,6.133003378054127,7.964303246699274,11.16507469327189,12.406843890203163,4.977854876196943,19.53553126193583,8.100620582699776,29.249630514532328,24.70999265788123,15.761932949535549,7.197900126921013,39.41437928471714,12.656218183692545,14.670830578543246,4.996127599733882,4.643150721676648,7.302487277775072,15.158202163875103,31.009369888342917,10.901607385603711,3.670399230904877,69.487727265805,11.325445321854204,23.83272906532511,45.88169458787888,7.0227403356693685,20.497939169872552,15.325943887000903,12.52385132596828,29.713537856005132,20.99355555837974,27.618891871534288,38.5383407631889,11.401349933585152,6.166724303620867,10.967499108519405,13.124082579743117,15.549649936147034,10.988861754303798,17.80163863208145,11.802059017354622,3.4897531601018272,6.932030120515265,12.336686026537791,17.654494824819267,26.472710156813264,12.518532037502155,5.2566562400897965,37.97030614223331,11.028716959990561,9.144848955329508,28.138088998384774,22.157976175658405,3.6936995369615033,19.987385182175785,7.624171764473431,8.852496652398258,15.233276282669976,27.18736999668181,14.626669774297625,17.7609726623632,15.594500312581658,20.93697306001559,6.140506938099861,32.213340383023024,12.099510772386566,14.139778258977458,41.20684985071421,21.621819706633687,1.2514435236516874,40.14813670422882,22.898221586365253,16.959496247582138,32.9745905008167,15.43586113024503,35.0387976039201,8.655939454911277,19.596929491963238,14.86722900532186,20.11148374993354,14.878133452730253,23.757586365099996,13.136077753733844,28.489926767069846,20.349185108207166,10.97353239543736,19.842125955037773,14.793672133237123,5.4675568209495395,8.152976398123428,8.638981052208692,4.882296047871932,10.19195492961444,24.55568819772452,13.471843041479588,34.329729499295354,9.760552367661148,39.22227612230927,10.403303168714046,3.4065636503510177,19.249313708860427,3.916738561238162,8.722793196793646,10.56575566646643,13.491016718326136,32.24059633444995,2.7225592400645837,7.477267992217094,17.810715807136148,39.8241693014279,17.367296463344246,13.498719446361065,13.542279928224161,4035
y1998,147.58552940189838,29.656738355755806,98.39363931119442,118.22168369404972,61.48941215313971,53.41532456036657,41.7633545184508,40.178648142144084,56.414072376675904,36.63252738956362,50.05563910212368,47.49424993246794,11.01749041909352,31.062082938384265,6.890669046901166,32.998080308083445,13.61469330266118,5.790860277484171,19.7252778285183,10.606224469374865,11.416529135545716,31.005397191736847,11.99313736637123,5.6932979200500995,27.623575437348336,26.03420722251758,15.198027050122619,32.314455898012966,34.52124361647293,7.306547433254309,32.409919471945614,27.615320540964603,16.728950173594058,6.046209082938731,9.522119657602161,58.29310777410865,41.40023256931454,17.899893945548683,10.638437688583508,23.557551323901862,15.4284151524771,37.23625035211444,23.773561882786453,12.39386318391189,27.822043544612825,19.21272631874308,26.61697740945965,8.423681392217986,22.84392881160602,1.6193841123604216,17.904143570456654,15.562487631104887,15.865333962952718,47.4019905757159,19.92196959257126,59.09896414540708,23.446264271624386,38.659636717289686,19.877435648348182,110.3706376645714,29.829715088009834,4.291549582500011,42.18448384758085,24.391542336903512,29.658480701968074,5.251863883109763,7.374837843119167,20.453434057999402,36.29853236954659,11.279338494641706,14.665250513004139,8.49578477803152,30.92412099055946,9.1253927370999,11.902285697869956,18.301715103909373,14.462831316981465,19.06558093149215,11.41285745962523,50.1014500586316,11.259435376385227,14.909991723485291,24.475417183712125,11.66774464957416,11.235352752031758,8.797682912321761,3.643088693730533,10.033569452119991,10.282921505626291,10.43103155773133,15.30959139042534,7.267964557511732,23.49745100364089,10.16749638109468,33.43460815306753,28.78737346502021,16.61218429240398,6.3789945534663275,46.382505560293794,13.91015697363764,16.343376393662766,5.829578078817576,4.454442486050539,8.765572746517137,15.790272838203236,34.65616920730099,16.837856373516843,2.0092546614760067,74.07284048013389,15.422988381469622,25.782059978228062,47.04385343659669,7.6637979943770915,23.565685105975717,17.2056975311134,11.95245145750232,32.56207304215059,24.022668520454317,30.83996991813183,52.98750632163137,10.277609474491328,6.261606633430347,10.50694154505618,15.358739364892244,17.082942866021767,9.837657494237646,18.803886904846877,12.427784752333537,3.585826591704972,6.870748930145055,18.56474988721311,20.456852881237864,23.59757004166022,14.975945902056992,7.5070426115999,41.78389295563102,16.546964236535132,13.427386835217476,29.344660776201636,22.721673477441072,4.66231713804882,26.574870001059026,8.505601942772046,11.92581905820407,14.81459295633249,30.325565571896732,14.341385536361486,16.551166053162888,15.322789662983268,19.462168676778674,8.079732688260265,36.81743281893432,13.610476612346247,14.985977141652256,43.83538238145411,24.093205919489264,2.059501827985514,45.36106571741402,17.746098957723007,21.467496552038938,34.618145688436925,21.813086673617363,39.179875798523426,11.284907628083602,22.94975934550166,17.236217274796218,20.681660163681954,21.52477087173611,13.981587856309488,15.197221746202558,27.214557539205998,20.332143388688564,21.327766760252416,26.37027818430215,15.362151813693345,6.713637110078707,8.964517874177545,7.845655380282551,5.90979612339288,12.599013826344162,31.147056313231587,10.928846430731937,35.259734933730215,9.18627817556262,45.35621689539403,14.240497316233814,4.194438482110854,21.840256650466472,3.9306108781602234,11.811203487217426,9.94955967972055,16.41937668551691,33.69904318777844,4.424379842646886,9.188771642977372,19.74159851297736,44.75893211457878,18.85435969987884,12.921399933518842,14.079827497713268,4563
y1999,133.3283400721848,31.270666711498052,118.71462969109416,135.82060435786843,58.401103406213224,63.92829649616033,50.09239783976227,36.4012442342937,53.503154795616865,39.727371032349765,60.95609522424638,46.949170301668346,10.773441585479304,32.826282903552055,9.93312670092564,39.57378413295373,14.137567769503221,5.594071210944094,17.81800836091861,10.739252298371866,11.176454490050673,38.09959035832435,12.223017283249646,6.496310483198613,28.69189745746553,28.30491720698774,13.221715558320284,36.40559379477054,36.45513959461823,10.381959370570257,29.39133000560105,25.0591605133377,12.219466029200703,7.829364286153577,10.266486764885485,66.22176312841475,47.32961411587894,23.584901422727853,14.505784190259874,28.18033060291782,15.51068022614345,34.55482194432989,29.23260733485222,11.618625534465536,33.250302153173834,19.246688992716372,29.152716214302927,11.889804180245847,29.181631840765476,1.891998480859911,20.639254725538194,17.438234640285373,18.565916252555326,56.94390872027725,25.694147960748523,67.9962241416797,29.61423409404233,39.12664060713723,27.042448811698705,129.34259444475174,35.014022316318005,3.92660986923147,57.995055727660656,26.76976185059175,22.943527523893863,13.944425996160135,8.89718440710567,24.382842564955354,37.1664282027632,13.187729476485401,19.429807182168588,13.74433169956319,32.93540655402467,13.36606387514621,11.847151635447517,17.2731206798926,12.081575527554378,26.0278714960441,11.534400577656925,61.70455830171704,15.231535449856892,13.860037749400362,35.40040988475084,12.245346881682053,13.273748203646392,13.118747334228829,3.6376586242113262,11.318035344593227,11.25394222442992,9.555772090679966,16.80781689239666,6.7909514758503065,32.75953964795917,10.717569811968133,40.19304736284539,33.989350053016096,20.88806264800951,10.772741253022105,57.87124081980437,15.754769673803821,21.410999321378767,6.398640715633519,4.8587962161400355,9.124427774804644,17.513130297884345,42.846455848775804,22.891661797184497,4.6671561055700295,76.56985616311431,15.667026120936498,33.819717194419354,56.564379329793155,8.99468544172123,24.93928391719237,16.380760449683294,19.73752769990824,37.81086711445823,27.425853617023677,34.75628545740619,64.0793070429936,11.335657354211435,8.447489929385483,11.126804668456316,18.372076565865427,23.14986312529072,16.69639750616625,22.936381471809,18.000258089741692,4.20555174263427,7.3124445450957865,21.618256603833288,22.683898920658976,29.170385396573693,14.521152798552066,9.952100993250497,49.61352042388171,14.961972769815475,12.295646234415472,36.024337159469724,26.253741413820535,5.913044825429097,25.206249682232738,8.331287357141264,12.03953743679449,18.448591817868873,31.89750417601317,23.398523482028395,18.638987900922075,18.158995275152847,33.10748029500246,10.425118718994781,39.15129859931767,16.412268152926117,17.657079461496323,47.57107036188245,24.889788918662816,2.0570379024138674,54.19873128179461,22.12269192095846,23.492433347273618,45.39219698868692,27.42688173893839,42.65214806422591,14.03404435957782,22.388339270837605,21.445002336986363,21.19416720001027,21.320725379046053,14.855951628414914,16.386940067168325,47.26287569850683,21.307507359888405,11.787649986799806,25.193892866373062,18.288322126027197,7.132576430449262,9.01877675729338,11.281980923376977,7.119805341935717,15.267793076345697,33.55062986956909,13.540127334417775,43.607904710806906,9.073050708393566,71.31321637891233,15.266358543885872,4.214744966884609,26.97774486616254,4.145664245879743,10.45162612106651,14.454554689582437,13.310091708553955,41.45890735089779,4.85053404700011,9.404996197554283,24.708437889348716,44.11439385265112,22.99120335141197,16.218399436911568,18.245932054705918,5195
y2000,157.70756052806973,34.220732488203794,116.05515935644507,144.35290320590138,75.65903532411903,63.480874369852245,52.37259658332914,40.54196115396917,66.29160421062261,53.459776209667325,71.3344886591658,53.50102323200554,14.574832121375948,40.430111072957516,9.953321647364646,42.43352093780413,18.8574218347203,7.114134048111737,23.313315951731056,12.894876042380929,11.830635429359972,39.108325506560504,18.285066056298092,8.11788908240851,41.22626184625551,36.188205970451236,16.956564479973167,36.06063470989466,42.9951790436171,11.371110988548025,35.43514355737716,35.31154210539535,19.500754734734073,6.214192669140175,13.181561023928225,69.4134595664218,48.69520510919392,24.98991073295474,15.647756526013836,30.230850959662348,19.28547625686042,33.66977205500007,33.65618988312781,11.698400236433372,32.767779915593565,25.137752515729517,34.3168403157033,14.188185410574079,30.047049086075276,2.2967133892234415,26.090667262673378,20.798807062674314,19.22315395018086,55.54070402868092,22.86944815143943,64.59989676065743,28.520261235069484,47.924561738967896,22.658521447796375,129.69123843684793,37.48853296972811,5.881466337712482,53.58720522094518,26.864556023851037,35.72046926803887,14.290197900263593,9.715291187632829,28.15838433848694,38.9062762116082,12.015259187668562,19.222897111205384,11.271207212703303,35.196773279923946,14.300042077200487,20.2462581791915,17.221430002711713,16.592328616185114,27.26091783354059,14.016237643547356,66.64976682048291,14.568055523792282,17.530731302453205,35.40099846199155,15.417050587013364,14.134126733290032,12.31926565314643,3.657668545783963,11.063417895929888,17.119148819940165,11.6104098376818,16.48580234614201,8.34572896186728,31.655593392904848,14.89885095297359,41.19430580921471,38.346657012123615,16.408287026220933,8.183333629043773,61.23245592787862,19.08262878539972,27.5146352276206,6.874393304227851,5.588654100196436,14.992938313866034,19.953677755314857,42.11525398213416,23.378724277485162,4.084064380847849,82.43513240106404,19.513021100778133,27.548648610711098,59.45483518205583,10.305426808772609,28.8920718729496,19.852306704502553,21.479419810697436,37.69232876971364,31.93555051041767,31.1073567699641,59.81404095329344,15.963144250912592,8.243885722476989,12.44829233456403,19.05302249570377,25.37954731285572,15.621146691031754,25.652476262301207,16.828837798908353,4.781601500231773,9.422937308903784,20.093261177185923,28.79320072149858,33.633862014859915,17.12047252850607,8.753776286379434,54.010212427936494,17.347753947833553,15.56536126555875,37.68242137087509,25.10662363190204,5.842331322026439,27.091314545366913,9.490763872396201,14.434292468242347,20.329049893654883,39.43703724723309,19.26004919828847,18.263694419292733,22.178456474561244,26.400501997210085,12.034938321681693,40.41551471641287,18.97462997189723,23.7275379486382,49.53077210392803,32.306763174477965,2.2172717769863084,57.314231156371534,21.22030484676361,25.42897103447467,40.71263394597918,27.435289106797427,45.82746491860598,12.784368109656498,31.92632011277601,19.740644972072914,29.608173181768507,21.71750427247025,16.707645364804193,18.606245170813054,34.515807542949915,23.629565075039864,23.13375784829259,29.93456678604707,20.989733254304156,8.0481803502189,13.29136297875084,9.61320493905805,6.867505409754813,13.642656792420894,34.32907111942768,14.745155875803903,44.1289979936555,11.58128166361712,79.04144394211471,14.704288184875622,5.548180887592025,27.056200047489256,6.802515929099172,18.95884557045065,14.606822403613478,19.045348937390372,41.48270831909031,5.462565920082852,13.026957131922245,26.977533562108874,50.13887196499854,24.58640221413225,16.074774372391403,20.470016294624656,5657
y2001,169.29532268084586,35.91445992467925,121.2543564606458,155.75107146427035,80.00587387755513,69.26838512253016,55.635912174358964,47.48099329136312,66.97500421479344,47.801603842526674,63.247802414000034,55.016244722530246,15.360232831910253,43.750388567335904,9.160398166510276,49.884869118221104,17.426177823450416,10.344037928734906,24.8937170333229,12.468431102344766,13.250074183568358,41.408392924815416,15.960889358073473,7.530623807222582,35.72088282415643,31.957022505346686,16.795847157482058,39.130500998348,43.44078747369349,11.564731819089502,33.81385542964563,35.57277180766687,18.213009145343676,7.663331050775014,13.02450879313983,70.08140786271542,52.99429157562554,25.09380783746019,15.90051046339795,31.25509520014748,15.441875939257443,33.86909477412701,32.45995454210788,11.675613556988537,37.50276217143983,28.068877042736858,29.83344151591882,11.925476847216487,28.530898259952664,2.576186347811017,21.615703804418445,18.447624201653525,19.976643089437857,60.95496251154691,22.52669313387014,62.28119909390807,37.24905774369836,49.161631614901125,20.130853940499946,142.46806087903678,39.08104229532182,7.787351778242737,46.62845011521131,39.95990267349407,33.59462385857478,13.810666563455015,10.483109423192218,24.129395588766783,40.540360767394304,11.607740386622027,21.648080265615135,10.5067993683042,35.348132888786495,16.72482533636503,12.032792007783428,20.760747744701803,16.5035649954807,26.8423937195912,15.751723190303892,63.87712140008807,15.669225294608623,19.231586843030527,31.465586830861866,16.815565447555855,15.535488788504153,10.728460053098388,2.855675763625186,11.327977086883038,18.205468884203583,12.071744388202205,17.479725173907354,8.039880872005597,29.258082396816462,15.912362536648288,43.29896293859929,37.433624401222914,19.918994918931276,7.134792557684705,56.47567139565945,22.540825544390827,25.238177802413702,8.2074153306894,6.339012332144193,13.55655773426406,21.33853327250108,41.777731821872294,28.345906913280487,3.7312897719675675,84.6997980196029,19.22796887019649,30.627288323827088,64.23783126287162,9.589093458256684,31.08210605569184,24.419231054373085,21.527887826785445,38.64132943097502,35.098564446438104,41.776652516331524,60.70657616574317,14.840816364157945,11.087919517420232,15.018087565433234,21.511921408353373,25.14576598489657,18.76335353264585,22.272956245811656,15.356908354442567,5.4246329283341765,9.953611321980134,20.657118182629347,21.794934797333553,21.761995690641925,19.5644376387354,8.901452073827386,54.88502389099449,22.03232791577466,15.711529202759266,38.58918734174222,25.89867221796885,8.441733510349877,29.750234903302044,9.128910982748494,20.111957978457212,19.3143714715261,38.38189575728029,20.69886079779826,19.7539179767482,22.586763655534014,30.306572276633233,12.834106041118503,40.440480371937156,17.179359040455893,20.610722922021523,52.76863286178559,33.793583961669356,3.0192652794066817,54.72802956774831,18.838830532273278,26.337808911688626,41.73411868093535,31.663600174710155,49.424197709187865,13.664311109110713,31.281653149519116,24.57816758658737,29.293964572250843,26.181577405892313,19.41515940334648,20.04356544301845,34.89006912522018,24.849827979691327,17.838356223888695,32.836001904681325,25.0440759267658,7.772599916672334,13.61547456216067,10.74183437996544,8.889886057120748,19.1394915136043,39.029427686240524,14.930408191634342,43.02018291596323,13.727601964725181,66.61611212976277,18.155039076693356,5.73215520917438,29.86989715695381,6.938798516057432,16.60470999078825,16.918367271544412,18.86702096508816,44.95703052170575,6.058298891875893,15.538997207768261,26.920149703975767,44.75695865275338,25.355343316681683,18.397754334611818,18.3008589358069,5809
y2002,180.86007347144186,37.287987410556525,145.52106685191393,170.24324275553226,86.41147635597736,72.3496453659609,59.88585869036615,54.154406575486064,67.46395621541888,62.18172018136829,72.43095965031534,65.90955652948469,14.949423420941457,51.7983295340091,10.27050434681587,59.91529878415167,21.71289833402261,14.03258964791894,24.833111953223124,16.964590076822788,14.749814616283402,49.288493217900395,17.46109508466907,8.225504752015695,41.6769836707972,38.723940406925976,16.471112926723436,45.34300513844937,47.35325113730505,16.05247510364279,40.932537484914064,42.15228280518204,20.76419286453165,11.409227299271151,14.599718273151666,84.4794919397682,59.37095517665148,24.045115856453776,23.943828580202535,36.27957413904369,19.47838900471106,37.682745528873056,36.5469013703987,16.607236094539985,42.61155447922647,30.315958314109594,32.516257509123534,12.88029801088851,38.484662007540464,2.8236947336699814,31.577394906431437,25.284562437795103,21.90637844405137,68.59902089461684,29.569468712434173,70.31122320983559,45.927394105587155,53.959027455188334,27.924733278807253,162.82738250680268,41.94833872932941,7.357667151954956,63.71895269025117,44.464081697165966,37.830964600201696,13.439890375826508,13.347831078339368,31.574978831224144,46.93142552347854,16.270541418576613,25.65929166530259,13.44258905109018,42.47478536842391,21.835773459635675,14.33369690249674,22.43925656354986,19.91911466186866,31.711778996977955,17.89967795019038,73.86735673248768,19.594963080715388,17.708269205410033,39.96674713399261,17.36909789708443,16.487381062936038,13.728463852079585,5.13275535532739,14.00818977272138,22.927862744545564,12.83470468421001,20.062659963034093,7.743951926822774,30.572823132388294,15.975758504820988,50.88225505454466,42.89209248684347,23.652008308796212,11.937413015635684,67.57190943695605,27.120636742562056,26.548365417402238,10.933230204856955,7.430230151046999,15.803055709926412,28.09084000205621,53.543698537163436,32.22830668464303,7.261459689354524,93.18476618640125,22.02699587470852,35.25267696054652,68.00121929403394,11.424088646192104,33.540148568339646,21.37924549053423,24.972693089861423,43.88378887809813,35.59976883418858,43.20819773012772,69.74117231369019,15.012537951115519,9.764132404583506,14.799162486568093,22.151181519264355,26.122241798322648,20.099824975943193,28.547596225049347,17.3646943049971,4.925885514880065,12.036799728870392,22.486818774137646,30.107859085779637,33.63013339508325,17.501416833372787,10.11528316035401,61.503709852695465,20.781639536144212,20.91908875037916,46.33294381946325,36.45843513077125,9.68420161830727,30.14508155034855,10.47897468181327,21.953291606158018,22.881570681463927,47.40257882187143,21.172885339474306,21.54190045595169,23.766546732746065,33.559247363358736,14.8718512582127,47.71980514889583,18.12502975668758,25.02804543497041,61.87607735116035,39.69889817945659,2.773129897483159,65.17138033825904,24.553272682009265,27.93460254231468,53.203938737511635,33.46650796243921,54.44887583423406,15.592427055817097,31.546107043046504,28.917942046187818,37.83570979675278,24.92931553395465,24.366905708564445,21.61243401397951,39.67753237299621,31.188614866230637,20.90929091325961,39.58099805703387,28.73836368508637,9.724225239478983,15.322286245878786,14.980790474452078,11.056175204110332,20.13124482287094,39.687050715554506,17.477010747184977,50.394183018710464,21.78038384858519,77.62111154291779,16.18436548160389,6.422416628280189,34.89578103879467,7.092420602333732,19.83822117210366,18.150732387090102,19.700306133599952,50.28786328760907,7.130398478591815,17.62792849377729,33.52438818057999,45.556896115187556,30.434703131206334,21.220955298515037,22.69457795075141,6669
y2003,202.29620861820877,52.99434792017564,162.20867779105902,182.6451600715518,89.44553839508444,91.55961670912802,73.43592625111341,61.40886490698904,80.78628475777805,58.1113271554932,81.96589961647987,64.99588573351502,22.119152694940567,54.50837621232495,16.202308129286394,63.19451665505767,23.699088824214414,19.232494379393756,38.48641525255516,21.675107455812395,18.956896509043872,52.43676859186962,25.59162959922105,12.576787417056039,51.143543906509876,46.66708014672622,22.84963708370924,52.081855547148734,66.74998019821942,15.398619859479368,52.338464949280024,55.42787971207872,31.32456012070179,12.42141738650389,17.885854934575036,86.76037784200162,61.053309896960855,32.186661823652685,26.659497412620112,39.79797922773287,23.631646401481703,38.83221816038713,47.29167632525787,18.85426681372337,43.811968294903636,36.712441502604634,42.098653053399175,20.988640969153494,42.53545634681359,3.4041118818277027,35.565678677521646,28.92714428715408,29.37099116621539,81.8548251921311,36.450552116148174,73.71071625500917,44.57988142501563,64.67615094501525,29.18491499731317,174.26444003358483,50.56422792142257,12.103980869869702,77.29630167596042,47.31260150903836,44.161608568392694,18.26639790320769,16.477848294889554,33.45675051212311,58.596137191634625,18.322384130442515,27.348840120248497,15.33606611075811,52.01033051358536,26.293569974368438,15.581365382531658,26.877377913333476,26.11878950963728,40.114338288549334,19.913266128860414,73.94147032406181,23.80608063773252,25.20684352843091,46.43939885543659,21.11119322828017,20.941317667020485,18.016013400629163,5.124410975549836,18.115379171213135,27.66379443113692,16.071116387611255,26.61326509085484,12.301146268146113,37.2512812144123,24.62840032763779,58.822956518270075,52.52453029854223,28.003769159549847,15.377907461952418,72.657027579844,30.153916546842083,37.77161934180185,12.436814635875635,9.411996730486862,18.564421280752867,31.943086481187493,59.31083211908117,37.60403033113107,5.2832703400054015,103.89491517096758,24.769385646795854,40.26857225690037,80.29509474057704,15.390772013925016,36.79235897026956,29.33483192929998,25.791664907010272,52.607823493890464,44.29026130121201,49.09356474643573,78.65992254577577,18.251295489026234,12.794991605333053,17.575396184111014,29.30109088192694,31.927347511518747,23.340749560156837,35.90092161670327,23.639176870929077,7.064775010221638,18.14402597141452,23.409400176024064,36.52407517656684,35.01003606477752,23.485799457412213,13.142903441330418,70.45160986483097,25.067537056747824,22.380603885976598,51.86039194231853,39.340651077218354,14.353932223166339,31.29201103700325,11.664074143045582,20.263631318230182,29.645824448671192,50.91610064730048,24.10070664831437,26.22744033462368,35.61295689782128,39.34726187726483,21.499676009407267,51.93586975103244,24.9601178674493,30.963945125695318,67.00951450970024,43.81929319119081,4.87159025069559,69.20400438830256,26.986484966473654,34.779433470685035,55.53601119434461,43.27932463027537,61.15413451567292,20.102882123319432,35.9671883052215,33.417980135418475,48.25005479156971,35.74058176483959,28.23644191143103,25.40570129873231,45.3005632199347,34.21481055673212,25.44070103089325,36.75278433365747,30.231599758844823,11.482557550771162,19.172054067021236,20.09896361036226,13.103055608808063,25.36767747718841,46.851814680267125,20.547259164741263,54.44628229830414,22.320617998484522,86.40358939301223,20.095786242745817,9.628610431682318,39.54118949826807,8.247484285966493,20.54320901283063,21.564786799717695,26.797979788389057,60.56746478192508,8.141835911083035,24.738116887165233,37.92056611273438,48.67775516118854,32.264462248422205,26.256761559052393,30.626545471604913,7745
y2004,257.8552022576332,59.557250316720456,201.48737551644444,216.25368716195226,120.84210563916713,106.48801764473319,88.43102676328272,74.7982778120786,95.37715141195804,71.87393058557063,107.31685291975737,92.97916975338012,25.082665745867416,67.3161786631681,22.13491296279244,80.40489635895938,32.374793890630826,37.16136903967708,46.5483172563836,28.624788572778925,24.668730603298172,58.31526281544939,31.280490808421746,13.863733163452707,66.41426816349849,53.64415644435212,27.701966924360022,57.36257655080408,81.94489276502281,22.62857584282756,62.25704166572541,66.87300250632688,37.9718808864709,14.044824667507783,25.766759365797043,118.97451337426901,79.1140858316794,45.22270791931078,28.28010283410549,51.29119702614844,27.932786132441834,48.509176704101264,54.71791252493858,29.652928397990763,53.113771602511406,43.27144830022007,51.653600798454136,20.291520550381392,50.36994576221332,4.429908685415285,49.81245016679168,36.51633930276148,34.60253904340789,103.10341576114297,50.530844170134515,93.46343991346657,57.79576142085716,86.2626034533605,37.5064849271439,200.9013899601996,52.47175745898858,13.793978505418636,109.60820319596678,61.8180941673927,51.44949633395299,21.550229232525453,25.008161243749782,50.74939162004739,71.8333873548545,21.09574858332053,38.83807538077235,18.23764654691331,61.89803811721504,36.85727660194971,16.750292159849778,31.137576716719195,30.87139199487865,51.93115829024464,22.92503712233156,95.777922635898,34.06298907357268,30.746407597325742,65.06564927985892,34.735122736310586,27.299083647085354,24.88350230269134,6.868299579946324,22.408669668948278,34.17435892042704,16.29676398297306,35.51278623635881,15.998159925220534,45.39946948643774,28.19006062927656,75.01821357291192,59.051809553056955,32.556259783450514,15.310956261237152,94.20684627257288,43.85650072945282,47.899817454162985,18.461644824128598,18.671113630989566,25.256566482130438,49.15272481739521,75.50140949897468,44.97913445811719,6.093400753161404,127.67103863880038,30.780701152980328,54.456932831089944,99.33841668535024,19.429418159415945,45.09666294325143,34.89659012411721,39.6581529174,68.78078295849264,56.339878449216485,51.61681283498183,108.18218484055251,21.461959969019517,16.336120321648195,20.377106504747644,34.66877285391092,45.781801210250705,28.904474049340934,46.167697024066,32.03662410960533,8.38120059488574,16.441765092895366,41.219329030718654,43.8753817579709,59.899011498782784,29.86310956766829,17.276714625768363,93.7583262566477,33.60915023367852,24.340165202738717,70.31795722432435,48.41507653472945,14.125541292014532,36.85346671263687,16.725295735523105,29.784349096007645,33.82329150335863,72.93501434614882,24.53365022665821,30.850305600324646,42.83148574177176,53.19179012440145,27.905862004263327,54.05196936335415,29.191934067057446,37.39721575402655,82.7043762197718,55.66521396394819,4.845018486957997,95.08955711498857,34.059135941788554,44.447943940758705,72.30935040861368,51.826356747187674,74.79129984276369,23.796113464049995,44.73989889957011,42.630153347272426,57.88265147712082,42.098726134281605,35.656956635648385,30.653481802437454,65.11163195827976,49.33647345751524,33.04404396330938,42.02834104653448,31.92267336999066,15.222511751926504,21.86420143698342,28.19739364203997,13.253876625094563,35.05801426945254,59.233409725129604,25.63866606215015,66.92263120785356,25.810982758412138,122.33630144037306,26.03174012620002,10.54884952318389,47.82726113917306,11.544558632886037,28.584639076143503,24.412207159912214,31.455902755260468,80.22185780573636,10.452319809701294,33.090736728627235,43.49831196013838,66.96178612764925,42.23221791908145,30.99606003961526,38.10776921454817,9775
y2005,316.0928428210318,70.63871697615832,236.12195230461657,255.53477194719017,133.7084371028468,136.066599692218,109.47364139091223,94.3859674539417,112.40838232636452,83.00223584938794,134.36718233767897,93.03020836599171,37.88894217694178,72.5235765920952,21.038235273445025,95.60016085673124,45.54229160863906,44.17917275382206,61.81538697844371,35.6720849419944,32.91386451665312,61.91710036667064,30.044344566063955,19.588401877321303,79.21458633802831,73.15865342412144,32.31391606340185,74.16209282493219,94.89505505654961,26.266951001016423,74.68808023119345,79.6683807768859,40.91743743070401,20.89629129518289,26.663819785462692,141.11644108593464,89.15897099394351,52.56816803524271,33.596961522474885,53.84716209722683,32.97756961733103,60.38020532159135,69.32953539583832,51.0060154851526,61.646052681375295,55.08610861422494,66.05644043255597,33.09996845200658,61.01611195784062,5.140294460667064,63.77292225835845,42.64811345608905,42.1740674553439,120.47014187183231,52.513617898803204,104.99423887673765,64.97132226312533,108.09479964431375,47.057866651099175,218.3580024652183,69.92624056199566,16.95098440500442,103.29311852529645,69.9618896022439,60.51342415250838,20.933982304646634,30.239831255050376,56.10096460254863,75.45810058526695,25.05266810953617,46.12192341731861,26.774994568899274,74.12910675117746,44.96315063186921,24.056789147201926,41.663062625331804,49.61613680003211,61.27402921160683,32.27125436393544,113.21858581434935,34.24845817335881,40.219330730848014,76.94924250338227,33.184855254599825,31.003066739300266,27.953278600703925,11.28773532336345,26.80973245156929,37.71203930606134,23.91807625303045,37.83663196954876,15.410168128204532,50.99322131415829,38.504402003251016,91.0894752657041,75.35836679534987,38.750878263497725,22.558618299197406,105.94395794533193,43.846752097364515,63.85845175245777,29.292165002785623,27.485743580153212,32.27271601255052,75.42840661061928,87.67016662890092,60.940377407707274,6.07177986955503,146.49550323747098,36.370007240911946,59.290596446953714,115.95507404673845,23.87947950954549,63.39787786733359,42.81732572312467,47.67991067562252,77.43853954644874,67.1229991898872,67.70989314140752,121.39634439721704,29.237465718528256,22.48219360143412,29.128861701115966,43.99296577088535,54.13128055492416,32.48303612996824,50.059214290231466,38.80969131574966,11.830209665000439,20.511954995105043,42.17608230677433,53.451361753512174,52.843614225275815,29.317490302259102,22.63034755247645,107.31596601009369,43.94655639352277,35.865776433609426,74.66532298596576,59.64496081508696,17.301929220440798,44.58000887022354,19.416146994801238,32.19288667687215,45.22970218840055,91.28415926825255,32.03403340373188,36.45341883599758,57.05127483885735,57.199956230819225,31.788739478914067,67.01931162690744,37.59081738325767,47.61731198057532,95.05701331607997,66.62074526911601,6.381407349719666,108.75420655310154,40.44242874858901,54.676982590928674,85.71321709314361,64.8957992317155,83.53766566840932,30.16237743734382,50.13058830052614,49.53386686369777,77.50099722901359,52.97861740645021,50.41196243837476,34.033343631541356,66.25195423932746,60.63141363533214,35.52005450357683,50.55830627726391,40.67225197702646,16.546913136844523,29.820354373194277,50.650224721524864,19.986374355619773,38.07166181271896,68.37118744803593,29.28840918955393,78.13977292692289,28.24001392466016,144.19390834774822,34.01010640151799,12.631997148389928,59.5225565568544,14.509205481270328,31.93413961888291,28.151444526854903,45.39813888678327,95.37395514082164,12.803799163899384,36.046332070138305,47.16736826719716,75.94698543800041,46.87952382583171,34.595828864723444,46.745816874783486,11647
y2006,309.2765135355294,81.91754392255098,253.12260312214494,263.6554454192519,139.91835526190698,143.9168799854815,106.76154721528292,95.67930804658681,126.27990835160017,86.44786191359162,144.94443144835532,120.62659884802997,46.00132493721321,80.45892837177962,24.52075984282419,104.7539314776659,39.197028901427984,49.21993583533913,61.14325589220971,39.24448446976021,34.89454018138349,72.9255286520347,37.59106796467677,20.746804676484317,78.39414978772402,79.6771834725514,34.39429197460413,78.18142903130502,98.2953634429723,28.74060878250748,78.64302059728652,85.56944091804326,48.56603265553713,22.919787647901103,32.44127213070169,139.34221953898668,102.28233256749809,59.126688877120614,39.630642694886774,56.43094009067863,35.61625633062795,70.85415015369654,72.30400989484042,42.96893452992663,62.840003019198775,56.11363828834146,65.22749326564372,32.42959580151364,67.0355075886473,5.61209668952506,68.18541617318988,51.653131063096225,46.20178296091035,136.81198027543724,53.60687816236168,106.45503063872457,65.13478976581246,110.85728844627738,54.68192831147462,266.13211499527097,72.49858663603663,15.661037496989593,110.17342694476247,83.43259218987077,65.37605457659811,29.932338862214237,34.76710951933637,71.44573358539492,83.27680431772023,27.589975817129016,53.0770280752331,27.322365965228528,78.0116882044822,41.915012155193835,22.258570233825594,38.77269695606083,52.25061302445829,66.45742868538946,32.82782704057172,116.48731428012252,34.837684909347445,41.32840452995151,83.63174517825246,29.245551092084497,30.665188055019826,29.42794558731839,15.962897339602932,29.543398094829172,39.40572819439694,25.63201178656891,43.52734879311174,18.718979575904086,50.69074513018131,41.06037499709055,97.14693236537278,82.97723259869963,40.58006738498807,25.626659417059273,103.24626499600708,51.00360866263509,64.81970709841698,24.71197338728234,23.771403677994385,39.271004857029766,59.11325908638537,98.89370201341808,55.92171761021018,9.371999730006792,165.94204724021256,35.860867090988904,67.61279887147248,122.99692241847515,28.967078402172774,62.74567828606814,41.52448177430779,51.34261889383197,85.46113448496908,77.34589598048478,58.6119817988947,128.86546501517296,27.297317335847765,26.257503140252084,30.255231619812548,44.207191705703735,50.9912999374792,34.693398020230234,56.412278660573065,38.25274386582896,11.94789798243437,23.01029644627124,45.464840441476554,62.36579227913171,61.34718634467572,37.72120930580422,23.322728799656034,115.09395049512386,41.40117318416014,38.58790510520339,90.84195031505078,64.74760245997459,20.67251539742574,43.50913578923792,20.78209093422629,38.470489295665175,45.08139289543033,91.85238684341311,32.10617700545117,43.996026068460196,55.76972411386669,71.02537423651665,30.15760118048638,69.05307493917644,39.77518541691825,49.88909700512886,103.15778705105186,67.5907799936831,7.541983057744801,109.70921381004155,40.63654321944341,56.4226327072829,83.1690440448001,62.6671921974048,88.41219877079129,29.63246819237247,48.48578160721809,55.57452647481114,74.70451600011438,52.77196026034653,51.63699921686202,39.95994564797729,73.7814765945077,56.06699621118605,37.045109027531,58.66510880924761,39.47938220296055,17.14708466012962,31.399894192349166,44.19493759656325,20.368534153793007,43.97594174742699,74.1094141472131,29.089346413500607,91.34116944111884,29.235110809560865,162.47497658990324,29.191475487779826,10.23550121113658,65.43726475723088,18.207050728145987,34.54824589844793,34.85781234828755,43.10076896753162,94.81789275351912,14.647804053733125,33.41900228941813,49.51421267539263,70.48468143306673,47.243744428269565,38.32868312345818,47.53097580233589,12346
y2007,328.4648131933063,115.68986696610227,293.62793262302876,290.36605284176767,165.9254363561049,207.19227276556194,142.03556718491018,113.17207279242575,159.79762116912752,107.23487167200074,161.7714706324041,110.95968641759828,65.05867709871382,107.18163971370086,37.74369755666703,138.91247072350234,54.14718887815252,44.76120113558136,80.04922607308254,53.22240330418572,44.69829448009841,83.92712494637817,54.9871448201593,27.878824625746347,102.59518545260653,106.03993390966207,51.94901177473366,105.11983781773597,122.11943553574383,36.93138561840169,95.16208180878311,114.68250144412741,53.12773350533098,34.5228789083194,39.903263887157664,164.86952835787088,117.90131685277447,66.66583863971755,45.7853178253863,74.0584479724057,48.608685267623514,71.73633757559583,90.35564436763525,51.09135057358071,83.90067091630772,70.30129974102601,100.62405391735956,47.241113307187334,85.93718763208017,8.440727932262234,74.8548642564565,66.76107878098264,65.09733363986015,162.35889515001327,61.81485816044733,116.67079958179966,80.1498950291425,107.42913311347365,68.63010494224727,276.3148437347263,97.45849863206968,26.08372997958213,122.73651785869151,108.1380616882816,73.62674805661663,36.959621088346466,46.564447805518284,74.38115615770221,106.1104380893521,34.218914568657055,70.14968723757192,31.716748481150717,95.28490258241072,68.1672192667611,27.858524660696276,51.09046689490788,69.19424399873242,80.63558735977858,45.85533263720572,125.79256740119308,45.12270316667855,56.35752976569347,98.60519669251516,36.551474201725796,42.68532023159787,37.739842464448884,20.249394689686596,45.58368065953255,62.654099414125085,29.854446727316827,53.42778290202841,33.698505284264684,79.63999483175576,59.62977780867368,117.04882393963635,105.82473174808547,49.99219160922803,31.484316345769912,117.84430373553187,58.722732700174674,82.81425311975181,27.468699143850245,22.958482411922887,54.05897943931632,66.08592010987923,121.33179970830679,76.74402139242738,10.651420883019455,186.63379473704845,47.06420154101215,65.49931942019612,150.31478435639292,34.823157146107405,83.1976288384758,49.0988593630027,58.56171658821404,105.89221522537991,87.40465048886836,65.30272027896717,151.26435518078506,41.37337073870003,30.33397443103604,38.61391333211213,56.01529263379052,72.99237942975014,51.65485239564441,69.94725792948157,47.15534718707204,15.888028525281698,33.5835988917388,52.31198895070702,80.11381559073925,61.95998565945774,48.25935054128058,27.36454476194922,137.2225532028824,60.58465774636716,54.15236068679951,107.39889792446047,74.72287575667724,36.01527840271592,52.125152522465214,29.657499043503776,57.129122072365135,64.36841491563246,111.8630313416943,46.66898593632504,61.36064732261002,72.12971188966185,80.96330892527476,50.07146920426749,78.2546894471161,60.75601395498961,76.98781108716503,125.2819349123165,91.66058076126501,9.161748118232936,114.22184784943238,53.172473698854446,69.67348653124645,99.1325733079575,84.51690828753635,103.0223085465841,39.519775508204475,52.88936206349172,60.408126208465546,102.89427723735571,59.31011144956574,64.54764325777069,45.903336456744,72.32584630744532,66.8467920916155,38.46607846696861,66.04777758102864,55.23033600742929,23.486316709546372,42.94093220913783,54.998615039745346,28.93272762396373,56.76843330729753,86.08383604418486,34.3680872740224,103.50860642595217,31.955609290860593,168.63466138299555,39.27420437359251,18.379347545094788,76.18766293302178,19.944840644137003,39.08101672492921,42.51870631449856,56.83723702165298,119.25050055142492,18.81531974801328,40.22437722608447,58.034146338002756,81.79027725523338,62.100698285736144,51.05877064354718,70.9971174816601,15121
y2008,417.9475510753691,142.48468845151365,311.30995087325573,311.2261248193681,207.59308989159763,270.13247704692185,158.58519635163248,133.04229864291847,201.49104529805481,127.84085919056088,182.09387687593699,119.16999716404825,84.10271267406642,133.64313131663948,43.029984505381435,174.6282071247697,68.72959264321253,54.445399299263954,100.85256080981344,71.37126574385911,54.31185176409781,80.50554969254881,64.50608007470146,27.41723022889346,117.73756410367787,127.51137850712985,61.60192151647061,134.93704633414745,144.56464086845517,57.44153685634956,115.17707186099142,132.98663059715182,66.08070984575897,47.76462274650112,48.72455409588292,181.65424121171236,118.08303899504244,77.2140975408256,50.25685663102195,86.3285978846252,58.774633582215756,90.98644752334803,107.36370443366468,69.555898536928,89.32396033778787,84.85117598809302,116.65174603462219,62.119887788780034,93.23554484080523,9.1323236329481,75.19871251098812,83.31095016840845,83.17888722382486,180.20291858166456,59.67184303002432,128.3189875818789,88.38003960065544,133.6212315550074,62.02198273083195,276.1270241588354,113.56757061555982,38.41131247393787,137.58201260119677,131.762556954287,75.33078365772963,49.20813692221418,44.62584556220099,81.07085061818361,113.4827274940908,40.68609484890476,82.78045920096338,37.89629487739876,110.30937001202255,81.10720258206129,34.56251959083602,54.72668000170961,74.4237890355289,85.72195808310062,54.949110221117735,138.0157099030912,57.96117226779461,68.97240522503853,102.01949001848698,49.82783866021782,54.79436420882121,45.433885250240564,24.897363274358213,59.936219085007906,66.87022496014833,37.620271758176386,60.216823109425604,35.29229428805411,97.91622108500451,61.83035571547225,122.62573033664376,130.07064862828702,58.52167493104935,38.4162870827131,125.69082753639668,109.18729840498418,111.77598146442324,42.736822977196425,28.833144143223763,70.9293990926817,86.91871033795178,126.12270395923406,106.03091938979924,14.844663198571652,211.05310459062457,63.16553168836981,75.68850437086076,169.19931363128126,42.5057353801094,104.17980717867613,62.97964618355036,65.25530208833516,118.41911421343684,116.91092602256685,71.18454361893237,161.13449264876544,46.387304086238146,44.57343377312645,48.977922854945064,73.8549611819908,89.6098547540605,68.4163891421631,79.96705341897905,57.88081982778385,23.125842753099278,32.45363201131113,60.07801799103618,82.8221589718014,66.69435839122161,45.287201959174126,32.92369768139906,159.35044128075242,72.65248382091522,73.56641746871173,110.27383826393634,79.5126128597185,51.13917096005753,64.49527783272788,31.93960687587969,59.35764296678826,81.92817297205329,133.2346228417009,44.58198042167351,61.72111527528614,91.33629416488111,101.94541633035988,63.313289462123066,77.68208806496114,71.30315502453595,88.86753485631198,146.7119986191392,115.63188151735812,15.123960004071705,122.61103206966072,56.83561064256355,73.03061970509589,116.60348453745246,109.96272221207619,117.88251263834536,46.55960681755096,57.71687509538606,66.75160945346579,115.00719696842134,76.06649261619896,79.07883353624493,55.7371448460035,84.49400481954217,84.88934883102775,39.82129212701693,72.56093953642994,59.37339110998437,28.346516265766695,52.56832315726206,72.76479596924037,36.1462906668894,66.7593440883793,105.53553365822881,43.00580044277012,124.26435744483024,40.175686865113676,155.4750200919807,43.01403540931642,20.498068209039047,79.92908562999219,29.191890126094222,48.118861643597484,36.197697691619396,64.85605795076117,133.15903995651752,27.294636675622314,48.00290363607928,72.40540201589465,82.77824461832643,61.6189779038541,59.52079208986834,99.74982989113778,17614
y2009,512.5127124786377,180.43897479772568,333.0446147918701,335.5686339735985,222.3924696445465,378.54771703481674,205.69515123963356,164.42004345357418,252.464407235384,154.72687929868698,213.71518656611443,118.11507649719715,103.3879804611206,178.325697183609,61.52696881443262,218.0236655473709,85.84418125450611,61.22401628643274,133.57621997594833,98.19861188530922,61.64133135229349,101.51611559092999,103.18771332502365,43.07837452739477,150.11582545936108,151.30969114601612,89.80247855186462,172.4870017170906,194.14230972528458,84.13660280406475,153.12852911651134,181.82053223252296,81.53028219938278,80.24371895939112,60.622127801179886,212.1554097533226,129.39812898635864,94.0242363512516,57.78970029205084,93.96671824157238,78.63759081810713,93.03192391991615,151.2739860266447,120.25014668703079,120.8134975284338,107.49523282051086,174.03136551380157,94.95236530900002,102.28696033358574,14.382134107872844,89.85728152096272,107.38737232983112,115.24068169295788,213.2851940393448,76.75658531486988,143.4349362552166,107.90738299489021,182.5654810667038,72.54193179309368,297.21359863877296,150.41235759854317,54.61498133838177,163.46609003841877,164.35908548533916,87.72266045212746,60.838731713593006,54.38671048730612,83.36126174777746,132.5331262499094,49.730698615312576,106.11185848712921,71.79107803851366,136.37447856366634,105.75812466442585,41.914661191403866,69.56679608672857,111.07331857085228,97.60169945657253,67.68651019781828,149.0266764163971,67.43612524122,82.32893161475658,107.32701659202576,63.59292030334473,65.39552357047796,64.45046070963144,30.30669517815113,90.2491395920515,101.97256542742252,44.644061364233494,76.90020196139812,51.10965829342604,125.68352065980434,79.06390361487865,148.05215530097485,176.20696887373924,68.21596771478653,54.930983893573284,132.57182210683823,129.14218105375767,147.45045565068722,53.712942227721214,43.64513970911503,100.56805178523064,142.43792846798897,155.00090435147285,125.61585649847984,16.80090459063649,254.0555204451084,64.25712432712317,78.01008712500334,199.789679646492,57.97841276973486,127.33446903526783,68.21846850216389,71.88808307051659,147.48002618551254,145.09925618767738,82.47886147350073,196.6966037452221,62.54173219203949,52.42361281067133,76.32007542997599,97.35706120729446,104.08958911895752,99.04169365763664,102.91711792349815,80.71860317140818,34.77721752598882,50.90990152209997,57.289027348160744,104.74295809864998,64.38516974449158,56.134403608739376,51.095102690160275,183.2938328385353,92.56886996328831,99.2873015999794,132.25301764905453,100.95726616680622,72.4865572154522,73.32772001624107,38.278332613408566,84.36798177659512,110.73225200176239,174.49034675955772,67.29546871036291,75.25511767715216,125.16344875097275,129.25521664321423,82.88385633379221,90.24753704667091,89.7779606282711,130.16389049589634,179.5489190518856,148.51954735815525,22.05144038423896,138.4104359149933,69.58491403609514,86.74932338297367,135.43699972331524,157.55443282425404,143.33500683307648,65.96301347017288,59.04711149632931,76.24402087181807,151.52218662202358,78.10467302799225,81.98510907590389,57.14683461934328,94.47700135409832,112.93211810290813,60.262310430407524,72.44022119790316,69.25114568322897,37.099885046482086,78.51570039987564,127.51591391861439,50.46900250017643,85.76776944100857,121.89298026263714,48.16916614770889,145.6619231402874,52.231547236442566,163.04936699569225,46.018458381295204,29.51091656461358,97.83555880188942,31.762888357043266,65.59402994811535,48.785462230443954,91.90177217125893,175.14914602041245,36.45869081839919,59.504301361739635,84.53947454690933,93.28987248241901,72.70526893436909,65.33180452883244,135.95144741237164,21920
y2010,572.6681656260043,225.53606111649424,379.92131679784507,372.7310438733548,238.15544238127768,463.98285216651857,247.37440158613026,176.90101586142555,303.73303050454706,176.32374352170154,247.5914253955707,129.31243355711922,116.7755743949674,216.42772884853184,80.77203300432302,249.44584258459508,101.22559499600902,71.56914565409534,169.01131255272776,108.88381580077112,79.19227126403712,112.03338548587635,121.64948081597686,60.74291136674583,171.2434123507701,176.16308472212404,116.03245724458247,209.15318921860307,240.9633447509259,90.35076276608743,191.1668361518532,198.91560901189223,82.32618732121773,97.95784639474005,71.55652118241414,242.820151806809,135.3079522922635,111.97485764650628,73.7349445708096,105.1311393151991,91.8344697826542,102.15196713712066,175.29133298806846,112.63099559256807,143.18915962427855,130.80656636785716,209.80913597531617,127.09999041398987,117.89098500460386,24.264760341960937,114.34251069277525,131.6772426618263,138.03974935179576,254.79422122240067,94.69194994028658,152.75145905138925,132.8142696171999,197.39425561763346,79.6589764135424,328.2500054454431,176.85771147394553,73.9719416925218,193.96716264355928,193.54717939114198,100.42563486238942,58.89057336188853,67.06793299503624,105.778124071192,150.379277207423,59.456912060733885,135.59150999505073,64.01765630324371,163.80335054220632,124.57200120016932,39.473977587535046,83.24351381626911,107.3096941462718,119.90880934009328,92.27064438303933,164.65525443200022,89.00017730821855,108.32853023614734,127.61583122611046,75.8235388386529,75.90568453725427,88.62198685249314,51.01689411047846,103.47966961981729,103.93899008072913,50.25940788560547,90.39802835788578,67.20729808090255,143.00043183844537,106.16813839320093,170.11899194307625,222.21990576200187,72.43205488077365,69.79975395323709,152.54257273860276,132.8800507024862,170.57092771539465,65.86241843015887,46.291165409376845,140.38720802310854,142.88046052213758,179.3542739385739,147.9913461408578,19.64117753773462,290.6040101321414,79.25952809210867,94.36945533170365,231.03961380943656,69.55323918676004,157.51841893047094,91.11654182896018,81.2999247200787,177.476352408994,173.04942278657109,96.29696062393486,232.51726848818362,82.01635900698602,66.2477725117933,71.59787185373716,115.84194900793955,131.72944930335507,137.6187862539664,112.15900883730501,104.79977232590318,51.055651776259765,59.58901792601682,71.43527128733695,130.72454613726586,73.60544366040267,57.106615422526374,68.20444015436806,222.6730723157525,123.93267596745864,121.06598287308589,150.61023394064978,130.56630110321566,98.45126428105868,76.58811101876199,56.913460408337414,91.59239419386722,130.0655403509736,209.2131270794198,86.48570876615122,82.44826769502833,158.8075848100707,150.6058963323012,98.81073012994602,96.18746887380257,113.07134051062167,156.59326562145725,208.57782877236605,188.2290445184335,32.0572737401817,145.83700066106394,84.55399133358151,96.51524508814327,157.34750760206953,180.31037602340803,161.8081104485318,81.06664981599897,70.41397363459691,96.71938154054806,173.8039873992093,97.98532388894819,99.03874732693657,66.82670580898412,98.00338530773297,113.87323643639684,60.31254414282739,79.12359843985178,82.22240735287778,43.32801430125255,89.845754025504,127.63625263841823,64.21512502711266,99.53009797842242,141.8704430409707,57.7930389563553,165.5789379728958,55.9822786601726,170.18489252170548,47.97130155772902,38.58071406441741,114.09882791852579,41.55392949935049,76.94824005570263,55.26685409201309,93.43265739642084,214.06068521831185,47.64762097771745,77.93618711642921,96.1759198422078,96.42451976751909,85.51468793745153,78.48448232049122,158.34880206920207,25661
y2011,735.6499128341675,263.61162132024765,410.7826645374298,429.21230614185333,262.49227648973465,498.9674195051193,298.7723264694214,226.12731608748436,341.82073080539703,214.20781472325325,319.86678779125214,149.70829117298126,154.22145143151283,278.1764384508133,107.41065390408039,301.5698640346527,119.87681320309639,71.09307445585728,182.1571368277073,140.64397206902504,93.77450631558895,117.04424813389778,137.6135385632515,57.82125058025122,199.9750338792801,227.1150661110878,143.41358998417854,240.7279710173607,276.03703129291534,126.3343979716301,226.13770776987076,217.0976406633854,102.00851435959339,108.31785061955452,84.55433329939842,296.80706173181534,166.01158985495567,135.98537090420723,92.14217345416546,122.97747230529785,103.59321749210358,129.88927736878395,199.80610862374306,164.3011132478714,172.9789783358574,159.23211881518364,232.75196385383606,176.30703189969063,151.2694744169712,36.4521240144968,113.17770355939865,152.51174247264862,159.64396208524704,289.05313235521317,108.55117303133011,179.19398626685143,148.50648102164268,240.00868463516235,92.26007142663002,342.9867315888405,194.59372034668922,84.1294826567173,218.82123836874962,229.08898821473122,116.15445855259895,91.5479924082756,69.05688755214214,126.78479424118996,183.6492601633072,69.96488745510578,162.01774361729622,83.26661762595177,200.93401131033897,132.5828981101513,61.94489689171314,96.631607696414,132.67541393637657,142.2843510210514,106.76611371338367,177.02162709832191,98.31606245040894,138.96135824918747,156.45237931609154,93.61876612901688,98.25926358997822,106.16088706254959,57.85473567992449,115.89394859969616,128.94232642650604,68.3921894878149,111.49688802659512,88.74991464614868,159.33479887247086,135.91659530997276,205.0545905828476,273.32063698768616,86.27861335873604,94.44774802029133,175.19271942973137,148.4782628417015,191.72760620713234,96.38131172955036,72.57767057418823,158.1657559275627,211.293239235878,210.69963392615318,156.18624705076218,27.69785838201642,333.387546479702,102.0632945895195,107.75288285315037,268.8296105861664,83.66420964896679,186.25988960266113,106.78406104445457,100.02784690260887,210.2973009645939,193.0244199335575,114.84116171300411,281.48719149827957,92.57802705466747,89.54617197811604,81.69892358779907,139.802231580019,147.0750018954277,144.65567323565483,139.41148442029953,135.37412390112877,61.2754081338644,72.74848651885986,93.49940393865108,157.74453029036522,89.35183614492416,74.73938217759132,85.66212786734104,281.66093587875366,128.90441313385963,148.34958225488663,183.70084896683693,156.9537815451622,106.12578848004341,95.50641310214996,59.27315057069063,105.55138859152794,163.86184787750244,253.3840450644493,96.42112992703915,112.39579698443413,187.25181904435158,183.42081373929977,115.31823375821114,105.55381236970425,132.75570425391197,182.00971993803978,256.1121246814728,216.4942407310009,43.491237848997116,174.84524488449097,104.05615201592445,113.5870875120163,182.2995640039444,181.80515590310097,193.35448023676872,95.31633487343788,75.56049567461014,113.99792146682739,217.0970293879509,134.37369346618652,97.82183915376663,80.91379004716873,101.35983029007912,148.59427723288536,83.45068971812725,79.42525617778301,94.2451528608799,53.69818355888128,114.99379576742649,213.28609666228294,84.31676749885082,119.33862072229385,164.03031823039055,67.72461985051632,201.1867381632328,69.02092181146145,188.2702892124653,64.66034585237503,44.36922128498554,130.08083403110504,60.11250637471676,93.51374758780003,69.75090551376343,126.14336729049683,263.9920620918274,55.13519614934921,82.40648911893368,125.32940429449081,100.17114123702049,101.46297946572304,82.78016321361065,194.98537731170654,30528
y2012,642.5351021066308,261.5191966891289,446.9457423314452,438.2675372995436,294.7387688457966,561.5453101992607,292.8026526197791,215.76248675212264,341.29987335577607,226.3773720599711,336.6581580527127,145.49644178897142,160.34048440679908,284.857326567173,113.59650155063719,324.0433891899884,126.00250514410436,64.50944044440985,182.38419391401112,149.03561760112643,101.07242597918957,127.55867436900735,163.2701003663242,72.47131690941751,223.5897630918771,250.3798340074718,155.35676188208163,270.1569682471454,275.0583840124309,111.82653513737023,254.7967308834195,217.49321458674967,104.23860893212259,127.10145252756774,85.47442672681063,326.0071141757071,178.91632588766515,143.49017556384206,95.98430226556957,133.72617441788316,111.91202581021935,134.67915161699057,207.58489087596536,134.35992904379964,194.49692865274847,173.3410040475428,255.36835095658898,192.98827321268618,144.18306637182832,44.46037847595289,132.92286341451108,170.85881327278912,173.06065638922155,330.32141333818436,116.14045579265803,179.76341013424098,162.74019030109048,218.1409517135471,96.4003707272932,355.91425859183073,210.68721001781523,96.14513071253896,222.96592386998236,265.18742118775845,118.50159106217325,76.53756027203053,79.67922189645469,132.1879063565284,176.53796483017504,69.2034045830369,187.60376352630556,86.67405702266842,220.84721874445677,131.49531241692603,59.75425833417103,108.17432668805122,116.62008377537131,157.80795959755778,101.99141917005181,192.02165491133928,122.87423228379339,134.89697879366577,172.54656940884888,87.21743006911129,119.75839820876718,117.14868019800633,53.76112764142454,117.26701193582267,132.9829495754093,67.77303333580494,123.80509278830141,93.3982817735523,161.1305550802499,137.4317004289478,217.3390063047409,278.7404425777495,97.13284893427044,108.33405672200024,167.32964192517102,153.81288300827146,188.90691182762384,90.29407009575516,59.67852349858731,154.20482349209487,179.9134177286178,234.81757770851254,156.3894333988428,32.095275924075395,356.75757260993123,114.80382073763758,105.27073124237359,290.32935305312276,94.2608551280573,197.14527666196227,114.81727629713714,99.07305452227592,228.39475600607693,211.01563551090658,129.13926101848483,297.2700171209872,99.81978241167963,97.2796280849725,74.58755802735686,143.31013973243535,160.44996946677566,158.059110250324,136.34596368856728,145.1456027328968,59.72989286156371,80.11478718928993,92.43312554899603,175.38210777752101,109.39806269668043,75.55625440739095,82.22924709692597,286.30470837280154,136.9483096394688,154.95259042084217,199.72387544438243,160.09981320798397,117.11989138647914,104.62469368707389,58.85314033087343,108.93264728784561,171.73295707255602,248.0525343120098,95.97274666372687,114.96150980144739,189.26068988069892,205.27768917009234,123.8184889741242,110.41897080373019,134.07113547995687,186.52589379809797,274.94708805531263,213.6025317646563,53.8691172269173,179.45140146277845,109.34989580139518,118.79263340402395,182.09491051733494,215.03575294837356,204.15034632571042,100.72194316517562,85.62814517598599,125.87900789640844,204.3001609556377,141.83491167239845,100.47970598563552,87.59562554676086,121.80120151024312,134.3769692890346,73.84412537701428,91.96759881451726,109.71574897598475,51.89146911399439,118.49112645164132,170.09740524180233,95.56179175991565,123.08863805234432,170.22997181862593,75.86964351683855,211.9421172067523,79.50215474888682,217.2196058407426,76.61862018425018,45.65659849625081,146.4412699509412,64.44341691583395,91.48615993466228,74.72883026953787,112.09309325926006,288.76835971698165,58.264680398628116,79.83741563651711,118.80732838902622,113.82751710526645,101.95860037021339,90.8675827048719,204.57509076595306,31876
y2013,883.777286419645,307.90134367067367,509.9593991115689,543.5887974631041,368.6053557852283,618.1963275708258,355.9348562890664,272.0024772635661,401.22357950359583,275.4308441649191,419.99313341546804,190.02807903662324,181.3778557102196,340.588944661431,139.67191977752373,393.5808186111972,158.4781516380608,69.14563737867866,205.06600246578455,188.65573761984706,141.92438986850902,149.1025397288613,155.10042339609936,90.13290613889694,257.66567990975454,296.2485373583622,187.60431493259966,305.04305688571185,331.5410542199388,128.15198888117447,300.6245097024366,243.69377930043265,125.8546526893042,155.02918114326894,99.6181877788622,387.7792019331828,208.9700281880796,172.4786130907014,123.80843167332932,160.88919835165143,121.37879732134752,149.18202341906726,242.94661485077813,194.9180932752788,216.14208577899262,198.69002509722486,292.8348061130382,250.17803210485727,190.56144568091258,62.20023707731161,153.38865553913638,218.75987889571115,204.47769882623106,397.77968886028975,128.61820734874345,234.32653316063806,187.65967820910737,255.4462110917084,108.84302934072912,431.9385285163298,232.96152733359486,108.80316316359676,260.0213278234005,299.8372748158872,148.5366247354541,96.3965228763409,95.58549616788514,171.59162839315832,197.8407307663001,83.26447624457069,218.34365078480914,93.65520588844083,260.27356198756024,142.7766237638425,85.70323123899288,133.21197388484143,145.26885929261334,194.41342956805602,128.50769393634982,240.90018069418147,135.03994778497145,158.4054351625964,213.0233233924955,111.82603891286999,150.34514955384657,138.99291592254303,66.73538106156047,136.08424802310765,149.3094815108925,86.331374413101,145.0315272102598,115.64783675945364,176.19564344082028,166.64468784676865,247.45896166935563,327.0249241553247,115.4560901275836,144.32107623270713,205.7689757598564,167.3425990510732,205.54588857572526,145.42347505199723,90.72850984474644,167.46144270943478,249.53559074737132,277.77704284433275,168.09804046154022,40.61119241407141,433.1738205133006,138.73878125450574,128.7163230816368,340.4492665072903,111.10772837488912,230.34616757230833,125.38120520231314,116.8744166335091,264.9791563032195,244.51868679188192,153.85811552032828,347.95039545651525,125.11255032941699,128.08539131772704,113.13043287559412,173.363146671094,180.61113560851663,167.07805601600558,158.98942270455882,182.71444278769195,74.135423630476,101.61243800655939,102.05139223625883,217.945592911914,124.41304945130832,95.00361338956282,96.20718295732513,350.53831336274743,152.7681676656939,179.731024696026,240.94319957634434,194.940810513217,137.31408717250451,129.1249047727324,77.56889702589251,133.7359001757577,191.4498690776527,312.7822283860296,105.41720236511901,142.9269411873538,220.61942425044253,242.4647927135229,134.89330703718588,137.18757933261804,152.96169935027137,227.0819011880085,324.5433634193614,249.76890868134797,65.69808338093571,221.42605493357405,122.29400538955815,147.33491126727313,224.64335933420807,217.5301285549067,248.09930714406073,107.90649832948111,111.825301801553,149.72672203974798,254.5820324406959,174.7597505953163,97.77499208599329,113.04067403124645,145.8250142217148,191.6874320623465,91.29240888310596,107.3473150273785,129.82484081294388,56.06352337799035,141.41252378444187,259.1557282349095,124.48166296980344,147.49435821408406,196.24087949749082,94.64333469187841,254.20662075886503,91.6297572022304,249.62697478896007,84.92518804175779,47.662301582982764,166.3975335340947,72.38823002600111,110.637744423002,95.20362810138613,145.8849333790131,343.8514881590381,64.93448490125593,103.6518029992003,145.50181311136112,126.72616693004966,128.22839091322385,102.02908351784572,226.44315426796675,38143
y2014,949.0562407094985,325.7033490538597,510.7603069534525,558.5657263854519,365.94524844083935,586.2834574608132,373.01902461610734,290.4494961919263,414.1131736347452,285.2929652677849,420.4066950585693,160.62435618648306,207.89993946021423,358.0398085536435,154.32551145972684,411.0300133638084,170.4544120519422,71.26246539072599,225.56924757221714,204.22887063538656,158.53000874165446,154.1226954793092,170.09868140285835,90.8249475597404,269.61083124997094,311.36804790375754,208.53019246924669,313.3355667255819,352.88022510614246,147.86398026696406,310.52724523469806,247.42287653125823,126.39607672160491,163.62139435019344,107.18148449761793,408.23982088360935,194.0686024716124,202.89527157321572,132.08831618889235,169.9654127000831,127.01250031078234,158.63628867082298,262.92318066675216,212.2756200185977,237.7161314417608,212.3762974506244,310.04580273944885,277.5594531749375,178.53693551989272,71.64908422587905,140.99839921388775,215.31943251891062,215.02819573227316,384.7675914131105,141.96657028142363,234.15543739451095,205.08463811408728,286.89887174917385,123.11054718098603,396.38865952100605,229.5636605178006,116.26557996706106,264.95800390606746,330.4311493495479,154.59405906358734,106.12111419555731,114.67245127400383,171.41995869390666,216.12585707427934,95.23626260575838,241.79737378656864,95.39937716955319,285.65701590431854,157.10621133679524,92.2710339690093,159.1232219855301,136.6715124968905,218.8851334489882,147.65055490657687,216.76117280498147,154.1107366606593,179.85748690599576,200.38386381790042,125.12689707009122,160.97433543484658,138.86584869469516,77.27676468540449,144.47151003754698,155.0766741745174,88.79543831688352,178.38931623473763,120.15839413972571,183.28733193362132,181.69346802914515,256.7367767547257,341.14062974974513,106.23419715696946,154.71253977972083,205.02691936446354,191.12744037574157,213.01483322121203,156.91170603735372,96.05793116497807,179.43904923740774,265.1448406712152,296.5309975328855,180.68734516203403,56.825691105099395,418.7243824284524,144.82624489394948,125.10576206841506,348.8242033049464,120.20013367407955,252.2668216181919,138.25959708122537,120.37996266456321,283.32406908785924,242.35611585201696,175.29906443087384,367.69348813034594,130.7364392124582,143.09659953881055,126.49442753521726,194.8546272367239,190.9817196112126,185.7892843117006,170.9190656687133,205.9050968317315,78.75432093534619,99.58796968800016,120.32149939704686,214.9748137993738,119.11211383878253,94.7458393634297,110.14603376179002,368.2552641062066,171.53574983915314,192.17551682610065,240.54010642133653,203.7831649989821,141.7206467150245,140.71421673428267,83.78630332252942,143.65405731089413,216.541614478454,325.9474020190537,117.8778613829054,141.85480883927085,240.18262615520507,252.2703208522871,138.16285628755577,137.0673633539118,172.37286714464426,242.53893222054467,351.976194255054,249.518061558716,79.22491208231077,220.19628529669717,124.07451172242872,155.52265900513157,235.4801022419706,201.93577413912863,254.11136469710618,119.19600239233114,110.54785006842576,165.50370309920982,246.74300140468404,186.01835385430604,99.05385255184956,123.38841056497768,134.78019508137368,197.3975839377381,99.82385156932287,102.07254687976092,143.5697592725046,60.310830545960926,148.48168814950623,297.1651592608541,125.06037439638749,148.75723422155716,210.15536335110664,99.45140649355017,256.2797916722484,94.2839869952295,251.49847915302962,90.43858930584975,49.662949694902636,163.10607629083097,81.51945108198561,113.77000252343714,92.96767005464062,149.82260209997185,363.5621211184189,67.6059472374618,108.19146024482325,150.37770533422008,129.16081599635072,133.35171652026474,119.46367518766783,256.9935982017778,39971
y2015,982.5693809781224,332.056799324695,559.9034615708515,614.745072202757,409.2401304207742,646.9547863788903,416.76289474312216,293.03546196082607,425.6843387885019,297.28859700262547,461.0983871743083,167.81876025628299,228.64528802921996,350.6297543691471,184.17926515918225,436.48077228758484,209.8140980442986,70.88217267266009,221.98138971533626,227.195761336945,186.6378106516786,150.98951794044115,174.45262801181525,105.28173446771689,289.1493206410669,337.9743317933753,212.13930706167594,350.3042143601924,383.499464196153,148.58588916482404,334.2928122105077,255.09174202848226,137.85234271967784,180.48741697473451,117.86797133367509,434.63583329319954,213.71448845602572,206.5829970347695,154.61941441637464,188.30742213176563,143.2399622045923,181.61407038755715,265.9769935407676,182.81702410569414,260.63296712283045,214.7044819323346,324.1345430021174,294.8365193242207,211.73955634888262,84.22435272391886,154.42606657696888,244.67396421777084,240.81761464476585,436.5163950175047,143.2438030911144,244.03179983282462,222.11215896578506,279.3208303474821,123.1826438261196,415.4203755473718,244.0612532631494,121.81016372540034,315.1806006785482,335.06465129274875,169.87407236685976,99.35205245902762,115.08450276218355,194.82482943171635,221.21148102683946,110.33399281674065,261.0095133087598,116.98580129351467,313.7770054168068,157.40438551083207,103.1082504184451,184.42386793764308,125.75238596857525,235.42622392671183,155.46920558414422,230.74589473940432,172.76357328752056,188.30841718008742,235.57313286093995,141.75529040559195,180.50164616573602,169.28257584245875,69.72936441469938,150.8586093832273,175.03441286459565,83.64586148108356,179.44667603401467,135.8279567109421,184.01575881894678,181.72674965951592,284.8023127405904,357.0834785765037,121.7087085985113,174.9169374597259,218.71327290823683,202.03079026937485,205.60645661177114,177.8222397477366,105.31077992822975,184.42346991831437,225.16363385226578,319.70562272379175,178.19645752059296,58.89800471952185,456.3575789500028,156.80887894169427,133.47892623674124,378.4672660212964,139.97317876224406,269.2474586619064,151.5880693574436,130.01412817835808,304.52245899522677,269.4708271091804,189.02885206602514,410.1720528770238,147.98374562337995,150.11538789072074,126.85926777124405,197.17248673923314,209.580560203176,185.8029651097022,171.9489471274428,244.92057699384168,90.18227420398034,120.2868342990987,127.06139193684794,233.9962399834767,125.2119155221153,109.59726898977533,104.81948476983234,394.51930594444275,170.19322416558862,197.04701114585623,258.35275419056416,211.68421176122501,152.1612569927238,154.87850509840064,101.92925746389665,153.60644527431577,223.63344854302704,334.10427045449615,116.36426426027901,167.32302718237042,257.7466105548665,279.5257904008031,155.7091515364591,144.86355269979686,181.52379960380495,263.45657594362274,377.6849192287773,256.5560949407518,98.23285195813514,231.29155933810398,145.85506860003807,176.38608650490642,243.44539795583114,216.3712873761542,271.3070693812333,132.8127612862736,119.1630466254428,185.41967249615118,241.69644132256508,208.43141869828105,96.3798033199273,133.55718678724952,134.5289310773369,194.8873383672908,100.64991388609633,113.49265430844389,160.75736998929642,65.699737126939,155.8581102702301,246.87433447269723,149.4081572960131,167.5809835093096,233.23126673465595,103.21990479063243,272.30966016929597,108.116846047109,261.78644703840837,105.72992413281463,59.623061604914255,169.8666095044464,93.38947415282018,111.68000463210046,103.69779664813541,157.6066390327178,416.009961578995,66.38022082275711,121.28907682024874,164.3108865560498,136.96483922051266,139.92196362512186,121.65039876685478,270.62924246443436,42737
y2016,1061.5217467993498,367.61871670372784,595.74741870258,683.5768612837419,479.60992523562163,684.6890202378854,454.32481980510056,317.41897992696613,478.974585365504,331.82976744137704,488.5017799474299,182.56422481266782,236.7521374244243,395.5905284481123,194.50892638554797,466.9628439741209,228.75652318214998,80.94748778024223,248.43407497694716,233.72531345346943,198.03937236731872,188.59904353599995,196.03586984053254,120.71224604616873,318.0000205775723,357.5631339466199,235.9001857037656,373.6690711574629,405.3853622796014,188.31983374245465,362.3751801820472,268.70317624974996,145.4906201530248,201.62457258999348,122.20324281114154,463.8280932623893,216.43625561892986,225.23439759155735,175.2673175863456,204.58641517255455,152.7739850759972,201.09783115889877,293.65624606981874,201.81878005387262,285.85241251066327,234.80282577872276,345.0515407216735,304.86025948636234,219.86490681488067,94.82761742942967,179.63882727688178,263.44884922076017,272.1373960408382,458.2298133959994,166.06303651933558,263.97684737760574,240.7865954353474,301.406278766226,138.08834297279827,442.1941661564633,281.38726591784507,125.84822417772375,322.84545671613887,362.1844828831963,188.33747123833746,115.28819603775628,146.3263752788771,203.63301534904167,234.2110812915489,114.65318118291907,294.4838866475038,110.08035702770576,342.14456071844324,175.92445514793508,129.90527075063437,194.6660171044059,151.04203281598166,248.58958395477384,174.58144867396913,255.29085734440014,190.48296210728586,217.72689129738137,267.3477108567022,154.97627778211609,205.93230344867334,167.88644807925448,79.75100902852137,170.6662496032659,172.6824927290436,105.6683287655469,199.11528128385544,161.54922430519946,202.78587385453284,195.02253719931468,300.6718092355877,375.4795796107501,128.42756711062975,190.39278120081872,234.74763818411157,216.99779535271227,217.42919896822423,198.25132566550747,115.65145478281192,204.2611832153052,250.29051892319694,344.28214288223535,199.18498622765765,69.50586110912263,475.3500582939014,181.54010166414082,153.60750843025744,403.56978358794004,149.60048170899972,300.52468565199524,174.6913038387429,149.08964435895905,336.26925949472934,293.18042369931936,209.38886262336746,438.1434790492058,162.09196732193232,173.68897838168778,142.33747357642278,219.9486307511106,232.02225505188107,191.47144191339612,192.13527478976175,254.30807613953948,106.07095769490115,141.46584759745747,135.52465494256467,245.51318431971595,139.2202411883045,117.71823778469115,131.59732196806,430.89321151562035,203.01765308482572,217.56399363884702,292.26238553831354,229.07443146174774,169.0770873897709,170.68349708081223,115.66778138373047,175.24582324246876,250.78534385375679,365.78701725415885,113.81577931297943,161.78808886860497,262.63763274857774,304.89371439255774,162.41272490215488,163.9637953247875,203.77385530387983,281.70010395906866,412.3758342657238,275.30898181768134,112.3743365444243,249.29592882981524,148.78681678837165,185.87814561463892,267.5887205209583,234.5329547575675,290.8042803197168,151.07914956100285,139.03732258849777,208.68555122427642,260.89834597706795,233.60282602813095,96.15688659087755,136.2978987961542,158.48493690625764,212.86403433978558,109.94907252211124,118.86710179783404,158.77441718266346,74.32552895287517,171.09027537191287,277.33285196870565,166.65418514516205,180.65308079472743,235.11694221338257,127.39880707743578,296.0104400841519,122.06913067260757,269.46176191419363,106.20945753972046,64.2802220955491,193.96160065336153,95.17911062133498,127.16534860152751,119.38744042790495,157.91258499748074,433.7214511502534,83.11111991875805,133.1541018257849,175.93327389587648,120.21191752352752,157.98832439165562,128.82264485163614,276.5716228466481,46531
y2017,1237.5002747196704,428.57090328261256,639.9096058756113,723.1998724434525,501.57554476335645,765.7445712042972,482.41239210870117,347.14482708321884,529.5531722344458,351.7845473345369,524.2445077458397,201.65159510821104,303.8174086837098,438.1457343194634,230.54140827711672,513.8928320007399,240.6566845588386,94.02464084082749,281.6094947671518,257.7643368681893,221.45059414114803,185.55820239055902,231.92595772165805,152.65092806098983,339.21408202592283,396.6291725579649,277.2451225919649,429.9636244410649,460.0467979609966,186.44184753135778,407.0217068726197,325.0745751163922,153.15227963309735,221.54331166436896,136.40450912085362,510.64015139080584,238.89621209772304,270.2200113553554,166.1951570417732,236.76032433006912,197.87217742437497,209.64619074668735,336.6867014672607,256.05722231417894,328.3078660382889,257.9859643871896,389.8676353599876,329.7566528907046,225.11263410001993,107.99621056765318,187.96343033225276,285.0277613787912,315.58419318217784,490.0830203909427,183.27575565921143,282.4462492596358,255.0892852190882,355.45471065398306,149.9974540884141,462.22453554160893,317.5849333736114,157.83671463257633,351.4092045580037,405.64711821544915,182.5784642782528,134.1799655102659,151.7701236787252,221.28338830266148,271.7181186112575,128.6990180828143,318.9308726787567,130.71624676208012,383.8431964274496,206.02711272751912,123.37855538004078,220.2234348077327,161.81927677243948,272.30923815304413,203.43196496739984,275.65536158625036,225.2078901734203,248.0728050530888,283.59430253412575,204.36049409303814,227.9756835224107,189.14571776916273,80.9151627549436,187.88533969339915,207.84691473282874,104.40978313912638,239.26947568077594,200.3640787221957,253.50658380053937,229.34425218915567,325.266634569969,426.5204316843301,140.26286362693645,193.99588383035734,238.55329023348168,225.99005374871194,263.44754630327225,241.78484043525532,144.19476355821826,230.73704587761313,309.49010126804933,370.9437833689153,202.40163997956552,77.16082836454734,497.5620243996382,201.80251796054654,161.50010848487727,453.8837783653289,164.51174771110527,337.6847626911476,191.3084416387137,158.15035855141468,364.0644332659431,334.48132995469496,233.02278063585982,486.00968694966286,184.3808469939977,206.78935472806916,178.210042511113,261.5968706924468,256.44264676142484,229.4852746957913,214.69193396670744,289.8139438871294,132.61603727471083,173.43004922987893,138.71716459933668,252.15890377527103,139.3519230275415,121.43994922633283,151.04365105903707,498.5790884848684,221.49860900454223,230.25208608666435,324.0481546605006,250.8620189302601,219.01283649215475,182.8970281491056,117.03780100680888,190.4665858692024,273.02907427726313,407.90376844163984,140.44887891341932,183.51104299584404,322.62586543662474,328.83133926196024,191.49686250369996,174.26112220529467,234.74118569400162,307.2152701872401,466.8179091196507,310.3130750595592,127.11892774445005,273.5895378035493,156.03452533017844,196.45911159948446,285.1277802558616,237.65805238019675,314.4036948187277,170.99557960778475,152.77868966502137,227.96170940808952,288.7302489038557,261.38068292383105,109.70819672034122,161.56508328113705,166.51297143590637,233.51583961071447,125.98918829625472,115.18215709063224,191.25283530144952,94.79950910643674,193.3482150612399,348.7352650356479,187.04931050096639,204.43121084803715,269.2869611927308,114.38611610769294,327.54494709102437,136.62971478677355,310.6145097608678,122.54073711414821,69.87328543688636,210.29443975584581,111.3323853018228,141.28255088068545,130.28221512306482,208.69894887972623,489.26381815969944,99.83494097739458,152.56501626991667,198.9643584182486,134.21291830926202,172.12153540737927,155.06307052983902,309.32661863649264,51919
y2018,1252.5257081016898,471.0616592504084,695.2275977386162,808.4229032639414,557.5515353325754,842.7127873962745,539.8911513062194,377.90294713061303,561.1236483128741,386.0716856974177,560.320386861451,203.70585096767172,299.9937772033736,488.9416289012879,265.30773480189964,538.3903234824538,266.44738049199805,101.32721936295275,304.5308931292966,291.7840877417475,246.71002735663205,205.64661671314389,253.1714652213268,173.0374773282092,373.3141997666098,447.452265502885,299.5617175041698,485.66730215679854,502.61859328392893,228.61681695841253,427.7183227390051,329.42100033629686,153.6260922581423,262.58739514648914,155.03322739549913,548.5439246911556,254.35526068182662,293.003758195322,206.98522717691958,257.3858648315072,228.12157285725698,218.70988606871106,356.1954038818367,260.7224771203473,361.1836141385138,275.7995179644786,425.57740255538374,385.55399659322575,269.30582697410136,118.26993829663843,203.93289182288572,311.10006172116846,359.70560143562034,546.1394806085154,213.1612909717951,300.49970184778795,288.4133981750347,369.6051696240902,153.98657381162047,491.48365107085556,343.7814930505119,173.8491325234063,375.8132353932597,429.5038769263774,214.81242629233748,146.36481653200462,163.26018021046184,241.17462431686,305.019818790257,157.00516235013492,371.1229435573332,133.26797220134176,438.8270658967085,213.7069504095707,146.83090063510463,246.69456171849743,167.1175218571443,314.7297015879303,216.13802975788713,285.4494681097567,233.96694958442822,265.7872488950379,305.34454431710765,229.68418392259628,255.18625453393906,213.89060816704296,95.37209608824924,200.40030214004219,213.44913690001704,130.7972109336406,253.23298409301788,245.71874604467303,272.5536374193616,268.3897060197778,348.14460071967915,491.93551207426935,158.47794052935205,211.92672327533364,265.87763695791364,261.4872727538459,278.5461359862238,254.30196371348575,148.7300413425546,239.9142673383467,317.78502432163805,403.40507061593235,215.34895175066777,103.58477953879628,539.339411361143,217.25515113398433,169.48162309569307,491.15800024941564,183.33021640614606,369.36237232387066,200.67619854956865,164.94370084162802,414.7452960428782,366.68369736196473,255.8928359192796,500.66035268921405,206.22775458917022,225.96034906664863,248.03827452100813,283.7902562892996,282.61751148989424,262.6700636087917,224.39025633363053,342.4952013865113,149.23452517110854,201.6522389377933,167.88958766241558,262.62728856178,139.09471085178666,136.98425929713994,169.10344197857194,536.0724869733676,248.99513487424701,267.65274853492156,352.1378549230285,259.8686417103745,239.04340650793165,200.75969977700152,145.25340554537252,214.8257505344227,296.31094611622393,436.0079840901308,159.39901841897517,228.87785578053445,343.7511169509962,347.7472527860664,219.20999457570724,193.58062986587174,244.8713612598367,345.6055394927971,507.7847509086132,338.50802769046277,156.03988181613386,296.47403589682654,176.99715655646287,212.6107935651671,298.45427206577733,286.3517096452415,340.69508041860536,190.54374693147838,164.79369737021625,276.1151756043546,309.31485121464357,291.5337030258961,109.22965153772384,171.27111639431678,163.3734759236686,235.90509806806222,140.73610414215364,137.63267930829898,207.99111492489465,99.39718042546883,213.9618161949329,317.6850925059989,218.10096291801892,212.56696103862487,290.5687265172601,136.81013207393698,359.3769896714948,148.84621868748218,320.1583256321028,138.6669868186582,80.07709549437277,238.82231397507712,122.50936051621102,139.76503390772268,139.8908078793902,188.06132695195265,550.4368659248576,124.05729905306362,167.9638227254618,219.8324138089083,152.2229887614958,181.77815369912423,168.19013656349853,349.7706605568528,56773
y2019,1336.8112122640014,534.8474374506623,769.147460963577,894.2271980736405,596.4180509280413,911.8667541816831,630.4615703690797,409.7910773847252,626.6461155563593,419.44300088100135,630.6653610896319,227.94711844995618,405.12940926477313,519.0988046396524,341.6568382875994,600.5820199940354,303.4725781157613,118.45015907892957,337.64095357619226,324.71029554493725,300.7877870555967,222.6463439525105,291.65057491511106,241.84193084249273,411.1820115102455,496.95776967331767,349.76843466516584,560.1230782549828,570.1254789624363,282.68518107477576,481.5532790729776,365.9776190388948,164.6822194964625,293.1878683716059,171.58695366466418,614.0074623841792,281.20856086257845,352.00638512615114,245.3702287073247,271.01084584370255,276.7532412568107,247.79180495766923,398.748517180793,247.79012454673648,413.4657345805317,303.27431936748326,454.17073011863977,404.997653150931,306.3269865838811,134.8128408123739,243.85785886785015,358.6866580322385,399.48492381256074,611.04512097314,255.65917665604502,335.28326268307865,326.4435278903693,387.5916890334338,177.99461335642263,528.7975417077541,401.1245884979144,206.76892920630053,417.42754872422665,476.9551691506058,242.0874939020723,181.04812821373343,167.32253171503544,273.9834184292704,361.3120547449216,168.8941174512729,397.5592918507755,175.75743618188426,507.53174803219736,235.88697088183835,174.53031981596723,269.4936578348279,172.33696716371924,363.01355260424316,241.39314215630293,324.8557031387463,300.1597892353311,342.25851462688297,356.1800797563046,273.3193438220769,294.57205111160874,246.6117549687624,124.6557530737482,253.0454982072115,251.60358665976673,135.07827138528228,303.6997756222263,286.7962692445144,315.3188803559169,300.68550505209714,418.561573298648,575.7896832190454,170.77613308327273,251.8523469613865,265.7501484034583,314.0042339125648,309.39740964677185,274.55862457863986,149.32882528519258,245.47527669696137,305.7030633883551,448.2567543396726,247.85747482208535,104.16349865030497,600.9863298386335,249.01273503201082,185.52377633051947,542.5715578347445,211.70383511809632,408.38161412626505,224.89473378052935,187.93342612450942,487.4110428756103,426.32819469552487,279.79891915339977,597.6019524782896,247.30152647942305,274.99538271222264,203.5300040524453,328.1520150694996,322.40057815331966,306.93333238363266,248.11491972533986,394.95551741681993,182.66798486933112,232.54455918213353,181.16514727240428,284.44672760087997,161.21117457048967,161.28645103191957,189.24258520826697,615.7605622429401,277.8196330089122,291.09327332116663,400.8112290361896,284.5804169308394,286.50819030124694,225.74564629001543,164.0727954218164,247.31205507181585,341.28444137983024,469.2919004615396,170.6483474979177,247.0628783851862,400.974065316841,406.4563093241304,258.4928253572434,214.73016598261893,295.54362604860216,386.8455568375066,570.6058088131249,386.81174042634666,181.51818227721378,317.08554246928543,207.2252871771343,259.90005798172206,314.48730000760406,295.26467783376575,360.54361620917916,217.21678751986474,185.05739537766203,323.51494340691715,316.53531942050904,327.2827816195786,109.8806804639753,185.58519311947748,176.00209211697802,267.5494372565299,151.84715156676248,148.25215774588287,224.70295874169096,125.15489460434765,261.2944421544671,321.90674553159624,257.58070425130427,235.15896630473435,330.98408745601773,153.78975121770054,406.58425848931074,170.6798886624165,322.7162277325988,159.82519245240837,99.55742536461912,251.1133825359866,142.08998675923795,160.52104615839198,152.22863459028304,198.73024481814355,628.9606213755906,127.48336419230327,201.86786944745108,241.78435074398294,151.110834160354,206.42981335753575,191.90029637189582,389.932724526152,63870
y2020,1327.0434448085725,618.5441558556631,895.9836844587699,950.2108606137335,701.5374567555264,1155.8993957620114,733.4339329814538,514.6328870006837,715.915510061197,483.94380603916943,713.2054998483509,259.3231877430808,453.6938415891491,611.603060494177,394.087768395897,712.632364529185,387.61489817872643,163.97251909901388,387.4120134599507,409.34244341636077,365.5648461030796,262.2748941851314,345.3080749628134,272.5147052197717,487.0395844508894,593.7286085197702,404.2330201594159,689.3282943367958,671.7293060068041,390.6349451052956,569.4230402274989,415.0361060076393,214.9365159322042,378.564285134431,208.60657926043496,702.5738782091066,313.17298501031473,400.3857065886259,286.34340751636773,324.65282030031085,324.84705299464986,287.09000366553664,459.1968794153072,289.94287736690603,494.6596010173671,345.29273250652477,527.9664973402396,451.57125829858705,344.6880015353672,168.8885503441561,275.3490663911216,416.74269155645743,508.7268820120953,729.896831266582,293.83346857409924,377.15547634568065,362.03667664015666,438.4980143462308,206.66260598041117,589.140863805078,509.1347181275487,266.1857668585144,504.0360836298205,554.4222513330169,283.9953987065237,189.07218210375868,202.92274214630015,319.25041917944327,417.90668658493087,217.31235483684577,496.5834679733962,211.9342459384352,596.2781884819269,267.3993446424138,210.9204178280197,345.69541944144294,190.82328879856504,425.5836243648082,284.6184670655057,345.15493062743917,356.895377503708,405.4047915013507,389.4244673382491,359.05428528552875,397.2476838794537,310.59065345767885,152.31987100513652,285.530187276192,276.54034857358783,152.71760141593404,351.95086813764647,330.7323211473413,387.4795833188109,359.3008154393174,488.967059336137,715.2094768444076,212.907160832081,279.8172065007966,286.75479901838116,409.94906592322513,367.45480553014204,321.7757244333625,193.49765757471323,285.4702711312566,330.3767474628985,508.3405883866362,285.2913283505477,133.46829196729232,680.7931948294863,290.5776627387386,225.24517536372878,626.4830012740567,285.1743859068956,492.8208531681448,285.2995950621553,227.77424617484212,584.2250427305698,530.8266044142656,338.5253081456758,690.0791639555246,308.0449266238138,335.28125435160473,367.246561460197,386.5979875656776,390.22178466711193,384.8444989370182,277.5777508234605,467.8156968918629,235.85469405795448,298.5045459452085,200.08423010492697,313.82479420350865,177.59560445859097,186.0924178820569,224.85318961692974,722.4683502046391,320.8095700284466,366.3892754437402,466.7872969508171,312.0924977804534,373.97121609700844,261.5463026536163,195.78914799820632,278.34082785318606,407.79443161096424,554.8392999279313,191.3262971828226,295.0275880601257,455.44498331239447,472.21593437250704,328.7296051750891,224.69790854677558,338.61326455604285,450.78399413172156,676.2559611238539,469.3689979915507,228.8132597329095,374.9164935522713,240.77436826075427,285.2723429366015,364.6991882896982,348.8950571748428,410.8625375558622,235.98139192187227,208.07666903501377,399.5505935740657,372.9912254586816,425.3744345270097,126.66619820892811,217.29049709090032,211.62519002100453,296.3799660336226,165.10581170069054,152.67369326762855,271.9521134607494,164.2227272388991,302.84026104118675,345.7031607264653,297.64501810865477,283.3030966378283,381.3980157938786,185.2630845599342,470.5525739174336,214.38495813147165,350.5458774487488,184.98522146744654,138.6818197449902,296.9207000466995,154.3817500108853,189.76555253984407,200.38915266655385,225.5226881718263,738.1274635819718,183.13480914803222,245.76402928470634,291.22589903115295,175.16160083096474,242.4042590423487,226.06713519943878,465.6598365842365,75223
y2021,1469.7123885769397,788.0627962416038,1036.2616260526702,1069.6619525905699,810.9638900896534,1444.8529221955687,869.3091742889956,623.2195413582958,859.6704799477011,589.6860342370346,846.3458584723994,305.8761654398404,506.6376483156346,816.3781389445066,472.9649088853039,834.5481470581144,465.1651720390655,280.002651442308,497.72592817945406,504.7053578677587,425.30846390873194,314.0659189608414,442.31879942910746,340.3174527261872,592.2865715799853,692.4113932088949,491.68856466561556,859.2856413340196,814.9470336679369,528.8297526645474,681.4199250829406,517.2917540422641,258.0898427583743,495.5993432421237,269.5738872627262,802.7746266731992,371.93062368873507,471.0925816632807,332.189686775906,382.6460137926042,424.89524184912443,337.5711412439123,574.6712765777484,387.611156411469,627.1598966787569,417.9431301620789,659.7940832655877,564.7633656780235,414.16732211597264,204.17996208951809,334.86601985245943,512.1288648932241,674.6227290504612,890.8040516478941,371.70960784703493,432.96470666723326,444.28782640909776,520.469549305737,231.6446963881608,661.1802267772146,640.392080174759,390.5207153256051,593.4979395484552,663.038191805128,343.6706627996173,220.1303080196958,235.20624351175502,362.00813750596717,504.73702288325876,283.3285222055856,608.1776787866838,237.1176512441598,732.5704319179058,317.0949994577095,259.60671633062884,416.0371775063686,230.24990146583878,509.6445888723247,355.56925051496364,400.5049972990528,436.8590773958713,503.7892033075914,432.90372061450034,501.20008753146976,510.6709104110487,386.42220539879054,200.84490719321184,342.13883038423955,305.6008971557021,191.6826157802716,434.3799581271596,409.5897030313499,498.9753538314253,444.8864784585312,582.5208762343973,914.8199415598065,246.35066687408835,348.37679581996053,318.4985736440867,528.733479084447,486.24120179051533,364.26457883929834,230.66139750508592,335.6307960343547,412.1373090832494,599.399650647305,370.85503598861396,176.70859007060062,793.0794211467728,372.89821791741997,258.1076356843114,737.1240571886301,328.2380590508692,617.3645819714293,345.32706700544804,259.89449293515645,693.5946760559455,641.951678078156,398.96623949334025,824.9045942891389,394.6603087987751,435.714917676989,489.0762221957557,471.0903655383736,479.80058877915144,509.41304643731564,361.1728715049103,568.9952266593464,282.52434587990865,350.2724349712953,218.7058511178475,357.5828343909234,200.08386006765068,221.32288154424168,290.3194586962927,874.3121615024284,393.6062856987119,459.97206687927246,557.0648034573533,366.4878635345958,477.8470320557244,309.1076378056314,231.8548233853653,340.8442938050721,489.39138072822243,662.5757035841234,231.5015006249305,338.32854454871267,551.2580021694303,578.9044587104581,425.4756534858607,264.04925834038295,423.62237641448155,552.5640242421068,830.4561576526612,604.1714363680221,289.7046545057092,428.47283456940204,278.90255851484835,341.3579659878742,437.2030029343441,455.56956428010017,486.1452265349217,296.21439356706105,261.52654107590206,481.21468955883756,443.0191375175491,500.72894789977,159.0307108486304,259.88368932623416,227.5712883376982,356.88170787342824,221.16402374440804,193.43233163002878,316.48935809126124,230.34210504731163,395.23824860388413,426.57970986748114,369.17930461652577,355.8170729444828,453.59371845424175,208.51470240787603,558.4302347246557,255.07331319968216,406.4022335303016,207.1060567048844,202.37154023861513,366.01233427086845,202.53276332560927,238.82099894201383,232.60493904864416,277.59127314551733,890.6582988174632,236.6130566499196,328.9551033116877,342.1847510493826,193.032022759784,323.5420264459681,254.47423497238196,578.3961137509905,91521
y2022,1892.5402914453298,1005.8094647219405,1138.1977236075327,1268.9226828133687,917.0736557468772,1585.9962355615571,961.6020779209211,714.00145627046,1064.1360617708415,642.7107014069334,1010.6639789035544,310.4634172930382,630.7448558183387,1219.5565688321367,562.4308049995452,872.046304108575,535.7990219942294,455.0590789760463,672.4525586590171,585.2744310428388,501.57888749754056,333.9713760269806,575.9066349752247,467.54908759053797,667.0101176011376,806.5205870340578,612.2446258259006,1022.7340829204768,1005.7661496261135,631.3400858212262,780.8987005245872,639.930174453184,294.90221728524193,587.6460332721472,322.75165814720094,890.3271884704009,379.6220117476769,575.0278421938419,400.15263685700484,442.4301094901748,547.2910205810331,388.53248098958284,690.2681079390459,486.3616899368353,703.6032142196782,467.6692114318721,767.9912552656606,571.8430745899677,482.05067947506905,268.10112765827216,422.9490947755985,576.9100342066959,833.9533467474394,982.4330126335844,479.4194888691418,467.65561250643805,454.98786089988425,627.408586111851,263.673468636116,676.6127217812464,720.4900072589517,572.4381534936838,729.8083938974887,703.2318124561571,410.56301720789634,218.42125624744222,286.15380190475844,379.817508892389,581.8588342713192,366.2403165558353,656.4701445274986,264.63375423732214,885.3207692550495,410.5222707979847,269.52120803832076,485.3254518187605,298.1129739466123,580.1760427984409,448.16593477269635,418.52508731675334,595.847797033377,658.697094483301,498.5496513075195,653.0898042293265,599.3840716765262,503.1462895697914,226.35033637052402,421.7851526744198,397.0123175927438,207.36757117393427,518.7166058942676,490.243326919619,672.1208959775977,622.6671948432922,649.2259969487786,1103.4391723964363,279.7941636927426,374.9938944913447,338.9338253834285,565.6280634682626,645.7184311482124,465.4188411044888,298.13150877831504,379.22870060428977,487.41691618412733,701.7593510299921,497.8020126069896,182.93414260621648,839.0306818406098,443.6581931896508,284.75268447073177,823.6174079217017,413.22002058895305,760.942327816505,394.3226516074501,266.6157220697496,795.4070415054448,744.8008062574081,444.88919813977554,975.5538702867925,455.0229662740603,455.97428665775806,476.939397434704,609.8770025414415,602.1979915471748,596.9611964616925,405.6586402996909,770.2816668734886,382.25018037017435,439.9779210360721,254.39703720086254,411.2225650914479,228.88139859214425,251.04147716681473,386.89411267312244,1059.0044317087159,485.5833277381025,521.0129607361741,617.8091046479531,425.95214044256136,600.0497642597184,349.57709992397577,260.0586476069875,363.52723019896075,592.6567336306907,797.7323570218869,279.73886139597744,367.8669243201148,694.8998515754938,666.6689860383049,570.0041976729408,287.5557000178378,514.502953665331,647.2644275045022,994.5882358504459,763.3414300950244,336.3270876600873,471.1068183160387,301.9844369185157,370.92348427698016,466.53123320499435,512.9278959017247,558.4660634724423,408.74912202055566,290.5170674966648,568.4147351216525,502.49223162280396,605.6789638935588,183.57917237770744,305.149939378025,262.2312018610537,401.01639527082443,256.5755095058121,199.549120827578,359.74413505918346,303.3130519334227,478.5520285256207,491.17445038072765,409.91457511344925,346.51374050439335,568.3459346322343,239.7211272388231,616.4167257826775,287.1571255866438,412.86184000293724,265.4126200999599,319.10062368330546,396.4460986307822,240.04430318344384,314.93711119610816,260.9401601734571,346.2564186153468,1108.801178328693,350.5018016702961,438.8260416854173,417.4526105807163,207.51777634199243,409.89359751180746,269.12122334819287,653.9222599314526,108161
y2023,2262.259148273617,1179.9571331385523,1188.110641071573,1425.8395834956318,1040.970636907965,1801.1566467024386,1075.6307200603187,798.089414681308,1222.606305224821,703.2282568691298,1207.247314888984,314.4477601996623,764.6725321859121,1545.972662402317,658.173439476639,918.2459820164368,594.8828806607053,580.4830786725506,800.3951178872958,707.148324413225,560.5591936642304,352.02334453258663,713.947817469947,593.6513660782948,746.9876060374081,895.145577759482,727.972444139421,1222.228397341445,1206.0766144059598,789.1884049549699,907.6762473564595,715.7725311499089,332.02271515410393,706.031868246384,373.67389066005126,979.7650249544531,412.13683177297935,673.1711498759687,438.4054994448088,509.5554666509852,671.9156236080453,419.04536578897387,813.2754394859076,594.1891580661759,810.3035137513652,521.0428197914734,875.2951812995598,611.845944612287,497.91328755766153,320.25428575789556,488.62210247665644,652.5006351694465,1149.6584557984024,1090.9452916849405,534.8448296478018,528.8294663792476,480.0933610852808,690.5756683750078,268.0382011849433,684.4635606883094,806.5901327496395,788.4880544375628,897.2345362594351,770.1394639061764,427.8000670247711,236.74924530624412,330.00378589192405,415.7032066080719,680.3671555118635,442.2783575733192,742.7762587247416,285.0672536669299,1051.3704292997718,453.9365541469306,309.29295132122934,539.6889691762626,323.4745551114902,672.5902763893828,532.9843019284308,455.26772013120353,763.1171214776114,832.6154858842492,512.4837876297534,794.5835341773927,698.3675475334749,655.3621536623687,256.89753492269665,535.0158765697852,469.60263824276626,228.4629172871355,608.7962279934436,541.8720558090135,812.3336349008605,703.3740711724386,720.9160900013521,1362.4309430010617,329.7379131610505,415.8531778980978,355.57477747136727,646.8230052692816,781.2825720347464,538.0264070481062,346.3921682322398,422.4147343374789,573.109921448864,785.5288612917066,587.2986182793975,209.1593680693768,901.3351856321096,518.7188025880605,279.6777930627577,887.0486978692934,458.9561592126265,844.5138283828273,465.2446045316756,253.50557911070064,901.9337335797027,846.298425687477,468.7414733860642,1161.4819725360721,546.9842192362994,509.48639671783894,448.59654133580625,736.5638019600883,708.0412335321307,727.3611636031419,444.7087413109839,985.8744582161307,475.78800191916525,566.910546110943,294.7248931154609,453.10678471438587,270.5141373574734,269.8653858010657,461.3469207622111,1225.0880553647876,533.4523844467476,606.8477930864319,712.4407789707184,487.122418646235,784.730138445273,396.4089452032931,296.9231542032212,423.65703382948413,700.0101096136495,912.7556200074032,316.7113702814095,408.66275367094204,847.1445905081928,733.6868183137849,739.1123545859009,310.74086177162826,593.1683998033404,748.9832503600046,1158.3749883379787,900.2223922647536,400.80142667144537,528.8262686971575,316.92453939747065,392.1246325992979,498.17363701947033,561.1641369760036,613.6575187258422,495.1100250184536,326.8457550597377,635.7302460987121,574.6405065162107,713.7570030586794,205.96642436273396,331.371056613978,273.3596965097822,471.5838348562829,292.74802790768445,208.3429126222618,417.2909720451571,379.4479161403142,563.7887944355607,593.3125861957669,459.4298522095196,392.15457453159615,650.4203976206481,267.5541011863388,723.995632273145,309.19582899520174,416.38402219489217,261.4475167687051,449.17508923541754,423.1021197075024,253.66944578289986,394.58228384424,304.3915732833557,432.5771133690141,1356.014532258734,449.640410119202,522.4028230542317,497.71532196644694,234.56560634658672,499.3793375864625,296.0029485072009,733.3300732718781,124854
y2024,2862.6752693876624,1415.3343270085752,1296.6264210641384,1779.428407933563,1200.7126236967742,2025.1994166746736,1293.2349850572646,911.0203736219555,1427.333692856133,815.8816240858287,1480.654406759888,351.5426669418812,872.0352836474776,1947.1086045093834,865.04781826213,1051.7973913550377,698.8466406203806,876.7083661593497,947.5571393184364,894.6425680350512,646.28164790757,390.06685548182577,819.1590824704617,767.9354152288288,860.5791875347495,1062.6413356047124,838.250475782901,1645.4112543091178,1460.605955388397,1048.1615052055568,1097.0572680048645,808.8863714095205,366.5199282495305,870.6221027188003,461.6986761437729,1149.6302603892982,454.02610613778234,815.1029657833278,529.4396830676123,605.7706736661494,894.538643097505,505.11027468089014,1005.9436983726919,795.4059336148202,919.1336688995361,615.117405038327,1075.9932830985636,719.9394385032356,591.4856671281159,418.27578603476286,571.4860279122368,774.6387860812247,2164.0619643218815,1314.0814213715494,661.3036861382425,606.4672822393477,575.543029518798,809.0128794908524,294.23261237097904,771.2371558025479,862.1855640728027,994.4635324515402,1143.379260348156,909.87691613473,508.3468143912032,252.79036662261933,393.61074540764093,463.9661228908226,797.5094224903733,551.3862158171833,905.6835307460278,362.34208204597235,1369.9066696353257,502.358741610311,370.34309874661267,670.8585505597293,361.5951392557472,802.7644988112152,625.3220127001405,513.3444853490219,1017.1995195206255,1055.3165389336646,581.8740970697254,1048.6185483913869,819.9087862093002,831.0344888046384,319.2339046820998,660.0721614696085,505.1669449210167,267.9563281489536,745.9213100317866,622.8356722835451,987.6947483550757,763.4031410962343,837.9965393040329,1801.5169879496098,378.4837203361094,525.4402012238279,390.2069205287844,787.2515780758113,989.2129869181663,734.803819488734,429.5104045132175,470.81670893915,734.8547908477485,933.9986870270222,696.9485946390778,275.2760276841,960.1360212005675,652.2224305942655,323.71272968128324,1005.3605010733008,551.2620085263625,1008.9072581380606,565.8584005124867,278.3470166679472,1060.3370054159313,978.064913559705,546.9334074491635,1440.1756435856223,738.2579785846174,593.5741123734042,497.98083282262087,987.445130283013,779.0109251942486,904.7511088438332,503.24097088258713,1263.7817515991628,630.6378298904747,740.864172488451,356.24948258232325,545.4403005978093,317.37617562990636,314.8055200902745,577.4377482030541,1461.766261741519,629.4608162585646,767.2097812984139,901.307993542403,580.6359886005521,1221.753459110856,488.95692005753517,334.3504877043888,477.38330664485693,894.9758640881628,1097.1963065452874,374.35479247849435,489.2972246725112,1051.546286618337,890.7048181705177,956.5460092741996,361.58848466165364,726.1170964222401,976.4028224945068,1317.8766638115048,1043.0263531655073,600.7279780078679,653.4921129886061,347.97930878866464,467.52728644385934,597.6432196777314,650.5014392919838,734.1180423293263,605.1100990120322,398.3306224588305,769.2706524543464,685.6654471792281,830.7578275948763,242.5520612290129,410.1041214717552,327.8776914579794,640.0360989701003,395.37630125228316,228.3353350739926,478.55908138956875,477.1047340091318,703.1387830171734,761.8327984772623,565.6662668064237,452.4304548231885,752.1842741835862,303.88947260566056,852.5422077085823,334.10536502301693,483.4416420282796,303.333353840746,578.6766354013234,499.2941240463406,295.4990559602156,519.9109060708433,367.90326969511807,537.6761945262551,1639.7224258817732,607.0349757503718,675.9580934420228,609.565208170563,254.41483091376722,599.9294267166406,343.84585014358163,896.7910108175129,152028
y2025,3308.343746289611,1567.4511111527681,1371.3154573831707,2202.8100409172475,1378.517346791923,2195.5499939247966,1475.8593787811697,976.5757674351335,1625.9091337397695,931.957487417385,1770.9940941073,376.63447045721114,979.4552811607718,2330.1276496611536,1161.884543588385,1209.7448781132698,818.8398122228682,1025.2309222705662,920.8963010367006,1206.5927874296904,773.7063382565975,415.16844337806106,806.2275051791221,927.9347953293473,978.2017460558563,1201.6280767600983,897.4526685383171,2079.7907223924994,1785.1325132139027,1326.5047454182059,1322.9014928732067,866.5757751185447,427.179788723588,1037.9747342690825,544.6095592202619,1303.7626125477254,513.870003297925,980.7412938773632,657.7906370908022,722.5603939779103,1043.6049422528595,585.9529294725507,1245.5512351822108,964.1880342643708,1058.1822706852108,707.5223366357386,1404.0553236752748,898.7578992731869,647.5735329277813,514.9880471779034,609.3831345345825,941.97225689888,3716.652280278504,1704.1257967613637,723.5431144759059,682.4825596017763,648.0024555977434,833.4183994773775,337.6707776123658,835.152385039255,876.5600811038166,1240.0453988276422,1384.2221609689295,1017.5757729634643,587.8783399239182,317.1506336936727,500.8859241101891,562.0545684499666,839.3785867094994,655.8889344567433,1111.2870261631906,396.83411825448275,1584.2595759779215,574.8863721173257,410.06379364524037,865.0789516512305,394.3536091921851,986.8195586279035,747.2424557153136,564.8776449821889,1279.9685239605606,1286.7515612766147,655.5295407306403,1364.3019716907293,1077.806636756286,1043.4426381159574,394.6525794547051,760.8749122358859,560.0760357035324,334.34501143172383,945.4497950710356,696.2972516100854,1084.6113258134574,830.8755787182599,952.8757548239082,2012.5540097616613,430.524395275861,704.8679003119469,451.8730539781973,923.0214446038008,1115.9910767246038,1004.5183464046568,521.9294862821698,502.1914485702291,879.5419790316373,1193.8298413343728,807.8216775599867,333.08350378647447,984.0132244303823,751.472517773509,360.66110825166106,1073.70480671525,639.2792376503348,1138.439904032275,636.6866934159771,290.8526639128104,1120.6679367274046,1022.5193354208022,653.4921790286899,1725.6768321059644,940.1103750057518,697.0481390273198,518.6260432144627,1357.8481583297253,828.9875133242458,1115.8020016364753,592.3769087484106,1539.2724610678852,831.6068704705685,901.9651263672858,381.23328348621726,656.1787572782487,376.76639501936734,356.6271706856787,648.1175958644599,1795.9788606129587,631.4556998992339,992.414099983871,1116.8361659999937,665.5054126074538,1702.1509565599263,614.6127433469519,415.42645995970815,529.2133669741452,1065.3757679462433,1191.4472266752273,387.29728158563375,592.8418756928295,1256.1140119098127,1027.567631881684,1228.7800314929336,398.41801025439054,845.8417153544724,1278.6330814938992,1476.2821751832962,1153.792079463601,996.1556551232934,768.603241071105,397.0401454810053,527.207391904667,695.0148894777521,900.0883903726935,827.7677985746413,657.5716020353138,501.525657530874,913.7503872532398,765.5907118041068,1014.8312049731612,254.78875183034688,509.65714514255524,354.2038960708305,793.5953087452799,450.5157499667257,251.42809529555961,612.8112849174067,531.5637138253078,965.2119602076709,971.542828604579,654.5396869070828,544.1863851714879,891.3503183238208,339.7035236330703,966.2908547185361,409.4314453145489,601.5815842105076,327.20769959967583,792.8257487993687,598.1918279035017,327.2050560731441,636.5730637358502,446.4807214215398,616.5891780564561,1807.2194711118937,860.1257382240146,774.6380344964564,685.2336315065622,282.9756472003646,697.6421352429315,394.6840919693932,1100.9299409762025,180220
